timestamp,Basilea Temperature [2 m elevation corrected],Basilea Growing Degree Days [2 m elevation corrected],Basilea Temperature [1000 mb],Basilea Temperature [850 mb],Basilea Temperature [700 mb],Basilea Sunshine Duration,Basilea Shortwave Radiation,Basilea Direct Shortwave Radiation,Basilea Diffuse Shortwave Radiation,Basilea Precipitation Total,Basilea Snowfall Amount,Basilea Relative Humidity [2 m],Basilea Cloud Cover Total,Basilea Cloud Cover High [high cld lay],Basilea Cloud Cover Medium [mid cld lay],Basilea Cloud Cover Low [low cld lay],Basilea CAPE [180-0 mb above gnd],Basilea Mean Sea Level Pressure [MSL],Basilea Geopotential Height [1000 mb],Basilea Geopotential Height [850 mb],Basilea Geopotential Height [700 mb],Basilea Geopotential Height [500 mb],Basilea Temperature,Basilea Soil Temperature [0-10 cm down],Basilea Vapor Pressure Deficit [2 m],Basilea Wind Speed [10 m],Basilea Wind Direction [10 m],Basilea Wind Speed [80 m],Basilea Wind Direction [80 m],Basilea Wind Gust,Basilea Wind Speed [900 mb],Basilea Wind Direction [900 mb],Basilea Wind Speed [850 mb],Basilea Wind Direction [850 mb],Basilea Wind Speed [700 mb],Basilea Wind Direction [700 mb],Basilea Wind Speed [500 mb],Basilea Wind Direction [500 mb]
20220922T0000,8.120529,0,8.66,5.33,-0.04,0,0,0,0,0,0,67,0,0,0,0,0,1023.8,194,1535,3102,5721,8.14,10.589996,3.557394,3.8939953,146.30994,2.6208394,164.0546,14.4,29.899511,92.07003,11.4862,57.80426,11.304229,37.234833,52.66592,15.461212
20220922T0100,7.3705287,0,8.03,5.01,-0.01,0,0,0,0,0,0,68,0,0,0,0,0,1024.2,197,1536,3104,5723,7.46,9.910004,3.2778673,4.198285,149.03624,3.8268526,138.81407,20.16,24.119999,89.99999,12.413477,60.46122,10.787993,25.709946,50.215805,12.840668
20220922T0200,6.7005286,0,7.43,5.09,-0.02,0,0,0,0,0,0,70,0,0,0,0,0,1023.9,194,1532,3100,5718,6.85,9.290009,2.9352074,4.198285,149.03624,3.319036,130.60129,13.32,25.56,89.99999,12.72283,64.88516,12.864649,17.927917,47.198456,7.450226
20220922T0300,6.2705283,0,6.82,5.18,-0.03,0,0,0,0,0,0,72,0,0,0,0,0,1023.9,193,1530,3098,5716,6.36,8.740021,2.6596975,4.2136917,160.01689,2.3051248,128.6598,18.72,23.110207,85.53283,11.592895,64.23067,16.78156,22.714401,47.656166,4.332321
20220922T0400,6.1705284,0,6.6,5.12,-0.06,0,0,0,0,0,0,72,0,0,0,0,0,1024,194,1529,3097,5716,6.04,8.279999,2.64143,4.2136917,160.01689,2.8116899,129.80557,18,22.7057,87.27369,11.631956,68.19859,18.03237,26.053482,48.015144,4.2998505
20220922T0500,6.0505285,0,6.69,5.17,0,0,0,0,0,0,0,71,0,0,0,0,0,1024.2,196,1530,3098,5716,5.72,7.9100037,2.713214,4.0249224,153.43495,3.7064266,119.054596,16.56,22.682856,89.090614,11.792404,77.66091,18.709612,30.018356,46.445576,0.8882141
20220922T0600,6.1905284,0,6.65,5.3,0.31,45.266666,28.48,8.013254,20.466745,0,0,71,0,0,0,0,0,1024.5,199,1532,3100,5718,6.98,7.8099976,2.7395415,4.39436,145.00798,5.8603754,132.51044,17.28,23.411074,91.76238,11.901798,86.53177,18.892282,30.963745,45.3957,357.72754
20220922T0700,7.5305285,0,7.06,5.43,0.7,60,181.56,60.95826,120.60174,0,0,66,0,0,0,0,0,1024,195,1530,3099,5717,10.08,8.809998,3.5209708,4.3498964,114.44395,4.2136917,109.9831,19.08,24.546085,94.20535,12.605142,91.63657,19.469976,33.690063,45.36,360
20220922T0800,9.720529,0,9.01,5.65,0.9,60,345.32,163.8067,181.5133,0,0,61,0,0,0,0,0,1023.4,192,1529,3099,5717,13.67,10.660004,4.683313,5.8603754,100.61965,5.937272,104.03624,14.759999,25.325686,95.71059,13.084402,97.90716,19.08,31.890793,47.715958,5.194412
20220922T0900,12.240529,0.09335538,11.32,5.98,1.02,60,485.94,261.662,224.27803,0,0,56,0,0,0,0,0,1022.9,189,1531,3102,5721,17.31,13.059998,6.2455564,6.87779,83.99099,5.7599998,89.99999,13.32,25.006397,96.61345,13.708391,103.6713,18.892282,30.963745,48.015144,4.2998505
20220922T1000,14.420529,0.18418872,13.36,6.33,1.08,60,590.07,340.7379,249.33209,0,0,52,0,0,0,0,0,1022,183,1530,3102,5720,20.48,15.630005,7.8531437,6.1305785,49.76364,4.8433046,48.01277,12.24,22.314192,100.22216,13.32,108.92464,16.75064,28.217346,47.209442,2.6223907
20220922T1100,16.170528,0.25710535,15,6.57,1.11,60,654.14996,390.62866,263.5213,0,0,47,0,0,0,0,0,1021.5,181,1531,3104,5723,22.9,18.040009,9.701623,6.9247384,27.897263,6.0347,17.35402,9.72,19.211996,102.99461,10.383987,123.69006,15.141414,18.00415,46.249844,4.9117737
20220922T1200,17.73053,0.3221054,16.56,6.73,1.31,60,670.17,404.50424,265.66574,0,0,44,0,0,0,0,0,1020.6,174,1529,3107,5723,24.52,19.99002,11.315572,9.114471,80.90972,8.707238,82.874985,10.08,3.7064266,119.054596,6.2145634,259.992,12.144331,11.97612,48.22522,6.8597565
20220922T1300,18.580528,0.357522,17.5,7.2,1.55,60,640.8,380.78824,260.01175,0,0,42,0,0,0,0,0,1020.2,170,1529,3109,5726,25.16,21.470001,12.361949,6.9527545,68.7495,6.151683,69.443954,7.5599995,5.04,89.99999,8.287822,272.48956,12.6462,4.8990936,48.940144,6.759079
20220922T1400,19.090528,0.37877202,18.19,7.54,1.62,60,565.14996,322.45258,242.69737,0,0,40,0,0,0,0,0,1019.8,167,1528,3108,5727,24.81,22.26001,13.202021,4.8433046,48.01277,4.3349743,48.366455,8.28,3.5455887,66.037506,11.525623,284.47028,12.7279215,351.8699,48.316505,7.7074738
20220922T1500,19.190529,0.3829387,18.57,7.69,1.75,60,449.44998,237.36287,212.08711,0,0,38,0,0,0,0,0,1019.5,165,1528,3107,5728,23.46,22.290009,13.727338,3.671294,11.309921,3.6179552,5.7105865,8.64,1.9386592,21.801407,13.708391,283.67133,13.849477,332.10272,47.867813,6.9112244
20220922T1600,18.930529,0.37210536,18.66,7.68,1.84,60,303.49,136.58719,166.9028,0,0,39,0,0,0,0,0,1019.8,167,1530,3110,5731,21.26,21.580017,13.288804,3.219938,26.565033,3.4152596,18.434952,8.64,2.0991426,59.036232,11.966954,285.70865,15.876775,327.0306,46.96724,4.8365784
20220922T1700,18.270529,0.34460536,18.58,7.72,1.88,60,138.84,41.51175,97.32825,0,0,41,0,0,0,0,0,1019.3,163,1526,3107,5729,18.31,20.170013,12.333265,3.319036,77.47118,3.4152596,71.56504,5.04,4.510787,118.61046,10.137692,286.50436,16.641972,321.14664,46.148857,3.1302338
20220922T1800,17.580528,0.31585535,18.44,7.62,2,29.233334,9.79,4.4778485,5.3121514,0,0,43,0,0,0,0,0,1019,161,1524,3105,5728,15.88,18.300018,11.409292,4.6938252,94.398705,6.4799995,89.99999,5.7599998,4.896529,162.89728,9.178235,281.30994,18.328207,315,45.742672,1.8039856
20220922T1900,16.22053,0.25918874,17.95,7.51,2.07,0,0,0,0,0,0,51,0,0,0,0,0,1019.5,165,1527,3108,5732,14.46,16.730011,8.998048,6.763786,115.20112,9.605998,102.99461,7.5599995,6.519877,173.6598,9.72,270,19.35314,316.50745,44.639996,360
20220922T2000,14.140529,0.17252202,16.81,7.66,2.2,0,0,0,0,0,0,59,0,0,0,0,0,1020.4,171,1533,3114,5741,13.27,15.429993,6.5875216,7.127636,135,12.313894,127.874985,9.36,8.707237,150.25511,10.823973,266.1859,18.584509,314.2152,43.2015,359.52255
20220922T2100,12.850529,0.11877203,16.01,7.69,2.29,0,0,0,0,0,0,62,0,0,0,0,0,1020,166,1527,3110,5739,12.22,14.350006,5.613944,6.4096174,128.15723,11.480557,131.18591,12.599999,9.585739,145.71312,11.542478,266.42368,17.654688,309.2072,41.425034,358.00793
20220922T2200,11.710529,0.07127205,15.38,7.66,2.32,0,0,0,0,0,0,65,0,0,0,0,0,1020,165,1525,3110,5739,11.35,13.420013,4.7976713,7.491114,125.21759,15.1884165,121.429565,14.4,9.178235,154.44003,10.587917,252.18112,16.981165,302.00537,39.37353,355.27988
20220922T2300,10.8005295,0.033355396,14.66,7.65,2.2,0,0,0,0,0,0,68,0,0,0,0,0,1019.4,160,1519,3103,5733,10.62,12.630005,4.129925,7.9932966,125.83765,18.374111,124.62416,15.4800005,9.114471,170.90973,13.830749,231.3402,16.45007,293.1986,36.871452,350.4457
20220923T0000,10.120529,0.005022049,13.8,7.8,2.08,0,0,0,0,0,0,70,0,0,0,0,0,1020,164,1523,3106,5737,9.98,11.959991,3.700283,7.9036193,120.06859,20.26899,123.40782,15.119999,9.114471,189.09027,17.727943,240.83238,17.208603,285.78076,35.11061,344.5388
20220923T0100,9.570529,0,13.54,7.76,1.91,0,0,0,0,0,0,73,2.4,8,0,0,0,1020,164,1523,3105,5736,9.43,11.369995,3.2098398,9.19939,120.57922,21.889065,126.30449,14.759999,11.592894,216.15819,23.358425,245.40988,18.888851,277.6668,34.09373,338.31094
20220923T0200,9.080529,0,13.26,7.67,1.81,0,0,0,0,0,0,75,5.4,18,0,0,0,1019.4,158,1517,3098,5729,8.91,10.850006,2.8757544,10.315115,119.248825,21.889065,126.30449,11.5199995,13.779114,236.72511,25.44566,244.88516,20.892412,271.9749,31.487139,329.03625
20220923T0300,8.610529,0,12.92,8.06,1.75,0,0,0,0,0,0,76,5.4,18,0,0,0,1019.5,159,1516,3097,5728,8.43,10.380005,2.6745253,11.119281,119.054596,23.269482,124.9194,8.28,15.7908325,245.77226,31.999523,252.99207,22.346113,272.7702,32.33193,322.23694
20220923T0400,7.6905284,0,12.42,7.6,1.65,0,0,0,0,0,0,78,6.3,21,0,0,0,1019.6,158,1515,3095,5726,7.86,9.920013,2.303256,9.178235,115.55997,18.440998,128.6598,7.2,18.678415,242.44719,36.792282,253.51555,23.42491,272.64255,34.114628,315.8551
20220923T0500,6.7005286,0,11.36,7.28,1.54,0,0,0,0,0,0,82,5.1000004,17,0,0,0,1019.7,158,1513,3092,5724,7.21,9.399994,1.7611246,7.172949,107.52557,9.726664,141.009,8.28,24.86868,247.89056,39.12092,255.06857,25.264202,274.08563,35.406506,312.93988
20220923T0600,6.8905287,0,10.63,7.46,1.33,41.787373,30.26,8.503099,21.7569,0,0,80,4.8,16,0,0,0,1019.6,158,1511,3090,5723,8.4,9.149994,1.9824781,6.5693827,99.46232,6.4096174,141.84277,8.64,29.522196,254.43849,41.235325,257.90524,27.397867,273.0128,35.538033,309.65695
20220923T0700,9.430529,0,11.1,7.65,1.07,56.18182,186.01,57.006165,129.00383,0,0,72,6.3,21,0,0,0,1019.5,159,1513,3091,5725,11.95,10.170013,3.2975807,6.162207,96.70984,7.928177,129.47246,8.28,29.834423,261.67435,42.150757,259.16992,29.215502,273.5323,35.246925,304.177
20220923T0800,12.620529,0.10918871,12.43,7.63,0.73,55.81818,342.65,160.8856,181.76439,0,0,61,6.9,23,0,0,0,1019.1,158,1514,3093,5726,16.14,12.320007,5.6755896,5.815978,111.80141,5.634891,116.56505,11.159999,28.521906,265.65677,42.291954,258.21182,29.195534,272.82712,33.973778,295.7505
20220923T0900,15.110529,0.21293871,14.61,7.48,0.45,25.454548,411.18,253.97446,157.20554,0,0,54,57,100,57,11,19,1018.4,154,1513,3091,5724,20.02,14.830017,7.8680468,1.2979984,123.69006,2.0991426,149.03624,10.440001,31.32207,269.34146,42.724884,253.85567,29.522196,270.6987,33.033802,286.46002
20220923T1000,16.98053,0.2908554,16.32,8.64,0.14,0,429.87,308.40732,121.46268,0,0,53,100,91,53,100,0,1017.9,151,1513,3093,5724,22.67,17.080017,9.05766,0.35999998,270,1.08,180,12.599999,30.960001,270,44.80373,254.62375,30.960001,270,32.88635,275.02408
20220923T1100,18.55053,0.35627207,17.76,9.25,0.02,28.48485,617.66,383.80338,233.8566,0,0,55,52,49,52,0,0,1016.7,141,1507,3088,5718,25.2,19.75,9.573181,1.0182338,315,0.35999998,270,12.959999,16.299694,263.65982,43.659554,256.65128,31.68,270,33.510952,267.5372
20220923T1200,21.04053,0.46002206,20.36,8.77,0.34,41.21212,633.68,397.1858,236.49419,0,0,35,31,42,31,0,0,1015.5,131,1503,3084,5712,27.06,22,16.135786,4.1046314,285.25513,3.319036,282.5288,15.119999,14.113653,275.85602,32.59939,263.65982,39.26641,267.89835,42.48,270
20220923T1300,22.270529,0.511272,21.64,9.12,0.08,57.090908,620.33,375.43933,244.89067,0,0,33,4.8,16,0,0,0,1014.9,127,1503,3085,5711,27.85,23.600006,17.930815,6.519877,276.34018,6.5693827,279.46234,18.359999,11.879999,270,23.535301,263.8534,41.054203,268.49255,43.440826,260.45963
20220923T1400,22.81053,0.53377205,22.29,9.6,-0.25,56.363636,548.24,317.77313,230.46686,0,0,36,6,20,0,0,0,1014.7,124,1505,3086,5708,27.45,24.440002,17.698776,9.72,270,10.446206,271.9749,20.16,14.417988,267.1376,18.532133,262.18472,42.577515,266.1215,47.48317,252.80145
20220923T1500,22.90053,0.5375221,22.67,9.95,-0.51,20.60606,424.53,233.41707,191.11293,0,0,41,65,100,65,0,32,1014.3,122,1504,3085,5704,26.03,24.51001,16.405243,11.879999,270,12.964998,271.59113,21.24,17.771753,263.01895,19.770523,259.50854,43.225487,262.3423,52.2893,249.44395
20220923T1600,22.54053,0.52252203,22.72,10.06,-0.59,0,255.43,136.03603,119.39397,0,0,43,100,100,100,10,52,1013.7,116,1499,3080,5696,24.01,23.809998,15.506947,12.605142,268.36343,14.764389,268.60284,22.319998,19.652176,261.57303,20.545246,258.88696,42.150757,259.16992,56.96652,249.27444
20220923T1700,21.770529,0.4904387,22.54,10.12,-0.97,0,121.04,36.666946,84.373055,0,0,45,100,100,100,0,73,1013.3,113,1496,3076,5688,21.67,22.610016,14.277516,11.165805,271.84763,16.215992,272.5448,21.24,22.81957,263.65982,23.73271,260.3948,42.08922,255.13171,59.233948,247.48727
20220923T1800,20.350529,0.43127203,21.8,10.15,-1.23,0,8.01,3.9847164,4.025284,0,0,51,100,100,100,0,77,1013.6,115,1495,3075,5684,19.77,21.089996,11.658007,8.28,270,15.5843,276.6325,16.199999,25.812277,261.9829,30.413076,253.49564,40.0782,250.58852,64.079994,244.01077
20220923T1900,19.680529,0.40335536,21.31,10.26,-1.47,0,0,0,0,0,0,53,100,100,100,0,104,1013.9,118,1498,3077,5682,18.57,19.809998,10.728021,3.396233,212.00539,8.707238,262.875,14.04,26.459389,255.01837,33.895485,247.52057,38.575474,247.50354,63.615166,237.47908
20220923T2000,18.87053,0.3696054,21.02,10.19,-1.69,0,0,0,0,0,0,56,100,100,100,0,88,1013.9,118,1497,3075,5679,17.9,18.850006,9.5495405,7.072878,165.25644,6.9247384,207.89728,14.4,26.693459,259.9025,32.619255,259.18613,40.75798,245.47229,73.094185,243.05635
20220923T2100,17.840528,0.32668868,21.08,10.53,-1.95,0,0,0,0,0,0,59,100,100,100,0,145,1013.4,113,1493,3071,5669,17,18.040009,8.342176,7.5170207,163.30075,10.086427,214.8245,16.199999,27.059933,266.1859,35.589054,262.44366,40.89606,253.63892,81.135086,239.90826
20220923T2200,17.89053,0.32877207,20.84,10.28,-2.42,0,0,0,0,0,0,59,100,99,71,100,223,1013.4,113,1492,3069,5665,16.77,17.339996,8.368457,6.439876,153.43495,10.799999,216.8699,13.679999,29.5551,267.2073,33.75756,262.6476,42.609463,256.31598,70.711365,250.3658
20220923T2300,17.270529,0.3029387,20.43,9.63,-2.53,0,0,0,0,0,0,61,100,87,100,100,217,1013,110,1487,3063,5658,16.47,16.99002,7.655097,5.5887027,194.93143,12.181624,235.8403,15.84,33.636406,264.47247,31.129074,264.0257,38.592266,255.96376,66.7254,252.73819
20220924T0000,16.45053,0.26877204,19.93,8.73,-2.22,0,0,0,0,0,0,70,100,100,100,100,107,1013.7,116,1490,3063,5661,16.09,16.690002,5.590251,5.6920996,198.43495,11.503113,249.86371,17.28,27.117346,264.66785,28.883131,259.95065,40.757977,250.9249,71.37901,251.47366
20220924T0100,15.560529,0.2316887,17.96,8.39,-1.91,0,0,0,0,0.3,0,81,100,100,100,100,105,1013.9,118,1486,3058,5661,15.56,16.339996,3.3450193,7.0911775,156.0375,12.10157,210.37914,12.24,14.039999,292.61987,21.96,270,38.16849,244.88516,73.20757,250.76315
20220924T0200,15.320529,0.2216887,16.98,7.67,-2.04,0,0,0,0,0.7,0,86,100,100,100,100,100,1013.9,118,1480,3053,5656,15.37,16,2.427127,6.2145634,169.99202,9.504273,204.62357,11.5199995,11.966953,291.16125,22.79684,291.29736,22.89611,233.31029,73.978905,254.47589
20220924T0300,15.070529,0.21127205,16.58,7.24,-2.04,0,0,0,0,0.6,0,89,100,0,100,100,122,1013.5,115,1477,3045,5648,14.98,15.740021,1.8766594,6.489992,199.44003,12.413477,240.46121,16.56,33.033802,290.40988,28.236486,289.359,31.072817,223.12213,72.52012,245.97975
20220924T0400,14.810529,0.2004387,15.6,6.91,-1.99,0,0,0,0,0,0,77,100,0,100,100,1,1013,111,1469,3037,5637,14.53,15.450012,3.8588276,14.494192,255.61862,22.608458,260.83765,18.359999,37.16902,301.5348,23.166216,315.62964,38.546906,214.729,78.99109,246.35568
20220924T0500,13.220529,0.1341887,13.81,5.92,-2.17,0,0,0,0,0.5,0,81,100,0,100,100,2,1014.3,121,1472,3037,5636,13.54,14.970001,2.875619,19.523155,264.70993,26.319422,266.86365,23.4,29.387999,300.96375,24.20314,300.37915,35.652725,223.36343,65.19976,236.48541
20220924T0600,12.490529,0.103772044,12.95,5.77,-2.27,0,3.56,0.12009001,3.43991,2.2,0,87,100,0,100,100,2,1015,126,1474,3039,5638,13.26,14.420013,1.8758106,8.78872,235.00798,11.923557,241.11342,12.959999,17.462782,284.32272,26.111792,254.81418,44.4261,232.57295,71.04324,252.29958
20220924T0700,13.830529,0.15960538,13.83,5.85,-2.16,0,101.46,62.863846,38.596153,0.3,0,79,100,0,100,100,0,1015,126,1476,3040,5632,16.27,14.690002,3.3069735,6.28713,203.62938,6.6087217,209.35776,9.36,13.363711,274.63547,24.863466,304.38034,55.925278,246.07497,82.207,246.24133
20220924T0800,15.420529,0.2258554,15.27,6.23,-2.32,0,295.47998,160.43867,135.0413,0,0,70,100,0,100,100,20,1014.5,123,1477,3039,5630,18.76,16.100006,5.2344465,5.0528407,175.91438,4.6938252,175.60129,6.8399997,9.904906,289.0935,25.02971,319.66687,54.436234,244.96022,72.63441,252.10388
20220924T0900,16.89053,0.2871054,16.53,6.7,-2.4,0,388.04,247.84444,140.19557,0,0,62,100,0,100,100,24,1013.9,119,1476,3039,5631,21.71,17.809998,7.281576,5.6920996,161.56505,5.2416787,164.0546,8.28,8.913181,316.6366,16.279802,305.09583,53.183826,257.0926,66.593185,261.6071
20220924T1000,18.180529,0.34085536,17.72,6.75,-2.75,0,489.5,322.34894,167.15106,0,0,54,100,0,100,100,9,1013.9,118,1479,3043,5636,23.53,19.660004,9.561627,4.32,180,3.9763298,185.19443,8.64,6.151683,249.44395,13.039754,276.34018,49.977802,251.95659,56.138073,252.84325
20220924T1100,19.240528,0.385022,18.7,7,-1.88,9.696969,545.57,368.20975,177.36026,0,0,49,83,100,41,83,25,1013.4,114,1478,3043,5635,25.45,21.290009,11.327048,1.4399999,180,1.8,180,6.8399997,4.8965297,216.02737,10.028439,291.0375,48.758408,253.70596,63.01645,246.07074
20220924T1200,16.350529,0.26460537,16.14,6.62,-2.6,0,319.51,124.1319,195.37811,0.2,0,73,100,0,100,100,74,1013.7,116,1473,3039,5628,20.02,18.649994,4.999319,5.937272,255.96376,5.5887027,255.06857,8.28,11.183201,266.30862,13.1041975,285.9454,28.639803,255.43973,59.730713,243.12608
20220924T1300,16.930529,0.28877202,16.61,7.4,-3,0,330.19,157.34503,172.84497,0,0,71,100,0,100,100,105,1013.7,116,1476,3042,5630,21.01,19.179993,5.5710964,9.178235,205.55997,9.178235,205.55997,9.72,10.966713,246.8014,10.805999,271.90915,32.736256,278.2192,60.381344,239.15341
20220924T1400,18.010529,0.33377203,17.6,7.27,-3.07,5.454544,499.28998,309.48248,189.80748,0,0,66,90,0,90,10,221,1013.3,113,1475,3042,5629,22.55,20.279999,6.9922457,11.435313,208.17859,11.119281,209.05461,12.24,13.217443,240.64226,11.5199995,270,36.40453,267.1659,59.225193,237.66237
20220924T1500,18.48053,0.3533554,18.32,7.59,-3.4,43.0303,428.09,229.40587,198.68413,0,0,63,28,0,28,0,305,1013.1,111,1476,3043,5627,21.74,20.640015,7.8368673,11.983188,212.73523,12.181624,214.1597,12.959999,14.021525,228.12213,13.138765,260.5377,33.839996,270,56.91303,236.6115
20220924T1600,18.610529,0.35877204,18.85,7.46,-3.23,46.666668,293.69998,128.5311,165.16888,0,0,61,22,0,22,2,366,1012.7,108,1475,3041,5624,20.19,20.360016,8.32796,10.296251,216.46924,10.514218,218.04704,11.5199995,14.277983,236.30994,14.512064,262.875,27.722336,269.25595,52.032143,241.48445
20220924T1700,17.81053,0.32543874,18.36,6.95,-3.19,12.727271,96.119995,39.795773,56.324223,0,0,65,78,0,78,11,363,1013.2,112,1478,3045,5626,18.08,19.429993,7.1079407,9.360001,202.61987,12.413477,209.53879,12.959999,10.594036,260.2176,13.493999,260.78897,25.570139,271.61353,50.082718,242.14555
20220924T1800,15.420529,0.2258554,17.11,7.13,-3.34,0,8.01,3.399508,4.610492,0,0,75,100,0,33,100,196,1013,110,1475,3041,5620,16.03,18.029999,4.3620396,9.3876505,184.39871,14.84318,194.03624,15.84,11.269782,296.56506,12.429127,280.008,22.751316,265.46222,48.791622,242.30052
20220924T1900,14.990529,0.20793872,17.45,7.06,-3.77,0,0,0,0,0,0,76,100,0,100,100,141,1013.1,111,1475,3040,5619,15.52,16.980011,4.0735216,8.049845,153.43495,9,180,9.72,9.178235,295.55997,11.928989,264.80557,19.13426,258.05585,47.664326,238.59094
20220924T2000,14.970529,0.20710535,17,7.68,-3.6,0,0,0,0,0,0,76,100,0,100,100,135,1013.7,116,1479,3045,5623,15.08,16.27002,4.068285,7.42159,129.09386,7.2,126.869896,7.5599995,7.172949,287.52557,15.7908325,245.77226,15.141414,251.99585,46.0589,242.03288
20220924T2100,14.410529,0.18377204,16.61,7.12,-3.86,0,0,0,0,0,0,76,2,0,2,0,110,1013.9,118,1479,3045,5623,13.67,15.5,3.924036,5.991594,147.26477,5.8603754,137.48955,2.52,7.42159,284.03625,14.33234,244.72229,12.849528,258.69006,43.498962,245.55606
20220924T2200,13.790529,0.15793872,16.45,6.88,-3.96,0,0,0,0,0,0,76,53,0,53,23,109,1013.5,114,1475,3039,5618,13.1,14.76001,3.769598,5.815978,158.1986,5.506941,168.69006,4.32,6.725354,285.5241,13.556282,259.28687,16.79314,239.03624,44.923615,248.36911
20220924T2300,13.270529,0.13627203,16.29,6.72,-4,0,0,0,0,0,0,78,29,0,29,29,162,1013.1,110,1470,3033,5612,12.6,14.170013,3.3405352,5.95906,154.98311,5.3999996,180,3.96,6.638072,282.5288,14.154915,262.69424,20.188908,230.06363,44.52954,255.96376
20220925T0000,12.970529,0.123772025,15.96,6.61,-3.6,0,0,0,0,0,0,80,100,100,100,0,72,1013.9,117,1476,3040,5620,12.2,13.630005,2.977974,6.1305785,139.76364,6.989936,145.49147,3.6,6.519877,276.34018,11.928989,264.80557,24.627789,232.12502,45.891174,258.69006
20220925T0100,12.830529,0.11793872,15.56,6.53,-3.48,0,0,0,0,0,0,79,100,1,100,0,75,1013.7,115,1473,3036,5616,11.91,13.240021,3.0983868,5.315336,118.30075,8.942214,130.1009,5.3999996,6.4799995,270,10.464798,266.0548,22.9724,237.80426,41.699436,243.87738
20220925T0200,12.060529,0.085855365,15.06,6.44,-3.64,0,0,0,0,0,0,82,73,0,73,0,84,1013,109,1466,3028,5605,11.33,12.860016,2.5249376,6.638072,102.52881,11.119281,119.054596,3.6,7.2,270,10.464798,273.9452,21.42227,245.15762,40.036144,232.30576
20220925T0300,11.270529,0.0529387,14.52,6.3,-3.8,0,0,0,0,0,0,85,20,0,20,0,57,1013.2,109,1465,3028,5604,10.83,12.470001,1.9972076,7.628263,109.29004,16.87398,123.69006,6.12,6.130579,273.36646,8.759178,279.46234,19.137648,253.61046,39.134167,230.59933
20220925T0400,11.040529,0.043355387,14.35,6.2,-4.02,0,0,0,0,0,0,86,0,0,0,0,62,1013.1,109,1464,3026,5601,10.37,12.050018,1.8358641,7.729527,117.75854,18,126.869896,7.92,4.6938252,265.6013,6.489992,273.17984,15.941944,263.51694,31.122828,240.17291
20220925T0500,10.720529,0.030022025,14.04,6.07,-4.28,0,0,0,0,0,0,88,0,0,0,0,76,1012.6,105,1459,3020,5595,10.02,11.660004,1.5405073,7.0911775,113.96249,15.124284,128.23383,7.5599995,4.0249224,259.69516,4.68,270,10.446206,271.9749,30.192822,230.80673
20220925T0600,10.830529,0.034605384,13.74,5.99,-4.43,9.575589,24.92,6.984394,17.935606,0,0,88,76,0,76,0,78,1013.1,108,1462,3022,5596,11.35,11.550018,1.5518122,7.8954163,114.22774,14.336861,128.88449,5.04,4.68,270,4.379589,279.46234,7.2359104,275.7106,33.66337,228.46823
20220925T0700,12.640529,0.11002203,13.73,5.94,-4.49,56.363636,171.77,53.128555,118.64145,0,0,83,6,0,6,0,76,1013.2,111,1465,3025,5598,14.49,12.529999,2.4772177,8.089993,110.854454,10.805998,119.981636,3.6,5.4119864,273.8141,4.829907,296.56506,5.4119864,273.8141,27.859905,237.13132
20220925T0800,14.740529,0.19752204,14.78,5.92,-4.4,38.181816,323.07,156.64629,166.42372,0,0,75,36,22,36,0,69,1012.7,108,1464,3024,5597,17.86,14.300018,4.1755056,8.225035,113.19859,8.707237,119.74488,4.68,6.489992,273.17984,5.1165614,309.2894,3.2399998,270,20.288164,242.52557
20220925T0900,16.600529,0.27502203,16.51,5.91,-4.14,0,438.77,251.70103,187.06895,0,0,68,100,100,100,0,319,1012.8,109,1467,3027,5600,20.61,16.5,6.020055,3.7064266,150.94539,3.8939953,146.30994,3.6,6.8399997,270,6.3690495,317.29062,3.2399998,270,11.457958,226.27303
20220925T1000,16.740528,0.28085533,17.14,5.74,-4.05,0,219.83,50.131485,169.69852,0.1,0,64,100,100,100,64,190,1012.6,107,1465,3025,5598,17.92,17.190002,6.833027,5.815978,248.1986,5.6920996,251.56506,5.7599998,7.771331,256.6075,5.00128,300.25644,2.5455842,261.8699,7.10031,210.46555
20220925T1100,16.82053,0.28418875,17.15,5.69,-4.01,0,146.84999,5.13237,141.71762,0.1,0,61,100,100,100,93,125,1012.5,106,1464,3024,5597,18.09,17.360016,7.4401045,8.647496,272.38596,8.707238,277.125,7.5599995,9.36,270,3.6,270,3.2399998,270,7.7043357,232.59465
20220925T1200,17.350529,0.30627203,16.68,5.29,-4.32,0,479.71,354.38068,125.32933,0,0,60,100,0,83,100,111,1012.3,104,1460,3018,5591,24.12,20.360016,7.891162,8.209263,322.12503,7.9932966,324.16235,11.5199995,9.178235,311.8202,19.0392,285.35016,16.75064,261.34747,25.744402,249.53772
20220925T1300,16.830528,0.28460535,16.77,5.27,-4.46,0,211.81999,27.34259,184.4774,0.1,0,60,100,16,97,100,94,1012.7,108,1464,3021,5593,19.8,19.77002,7.6357174,9.504272,322.69604,10.296251,323.53076,13.32,11.709688,315,21.120682,299.62375,19.523155,275.2901,21.129885,246.9296
20220925T1400,17.440529,0.31002203,17.05,5.17,-4.48,30.303032,324.85,209.36981,115.48019,0,0,56,49,12,0,49,79,1012.9,110,1467,3023,5595,22.22,19.809998,8.729741,9.931042,316.4688,10.195057,317.86243,13.679999,11.753876,310.03027,18.892282,300.96378,25.325686,275.7106,19.734436,255.20325
20220925T1500,17.260529,0.30252203,17.29,5.04,-4.6,22.424244,290.13998,253.71614,36.423847,0.1,0,54,62,17,62,62,73,1012.2,104,1461,3017,5588,19.98,19.670013,9.023384,8.435069,320.19443,8.714677,321.70984,12.24,10.514218,308.04706,13.854155,294.56717,26.33911,280.2348,20.172853,272.0454
20220925T1600,16.850529,0.2854387,17.27,5.02,-4.58,28.48485,114.81,50.413498,64.3965,0,0,55,52,15,12,52,65,1012,102,1460,3015,5588,17.93,18.860016,8.601081,7.491114,324.7824,7.9932966,324.16235,12.959999,10.315115,299.24884,14.759999,282.6804,22.530937,282.926,19.493261,274.2364
20220925T1700,16.510529,0.27127203,17.11,4.99,-4.91,0,41.829998,25.045477,16.784521,0,0,56,100,13,33,100,85,1013.1,112,1469,3023,5594,16.76,17.980011,8.230371,7.69592,349.2157,9.9571085,347.4712,13.679999,11.808878,307.5686,15.893093,283.0919,21.746502,289.3348,18.806337,264.5077
20220925T1800,15.740529,0.23918872,16.43,4.77,-5.13,0,1.78,0.23596334,1.5440366,0,0,60,100,9,25,100,89,1013.2,113,1468,3021,5591,15.88,17.100006,7.123725,6.849467,3.0127716,10.853866,354.28943,9,12.229406,312.61407,13.797913,285.12402,21.407139,289.6538,19.734436,284.79675
20220925T1900,15.230529,0.2179387,16.04,4.68,-5.37,0,0,0,0,0,0,65,100,0,2,100,104,1013.4,114,1467,3020,5590,15.39,16.410004,6.032873,2.2768397,341.56506,6.989936,325.4915,7.92,12.181624,304.1597,15.463244,282.09476,19.255793,290.8068,20.523157,285.25513
20220925T2000,14.720529,0.1966887,15.45,4.28,-5.34,0,0,0,0,0,0,67,100,0,10,100,98,1013.9,118,1470,3022,5592,14.83,15.880005,5.504568,5.815978,248.1986,8.28,270,11.5199995,12.496719,281.63364,16.919998,270,15.509274,291.8014,19.0392,285.35016
20220925T2100,13.5505295,0.14793873,14.48,4.19,-5.37,0,0,0,0,0,0,70,100,0,0,100,78,1013.9,117,1467,3017,5586,13.98,15.300018,4.639085,10.308831,257.90524,15.4800005,270,15.84,18.511143,283.49573,20.570463,274.0142,14.917212,289.74683,21.316135,274.844
20220925T2200,12.920529,0.12168872,14.08,3.96,-5.16,0,0,0,0,0,0,73,100,0,0,100,43,1014.1,119,1467,3017,5587,13.04,14.610016,4.0071516,7.754637,248.1986,12.261158,273.36646,13.679999,19.839235,281.51382,25.264202,274.08563,16.595179,282.5288,23.97989,277.76517
20220925T2300,12.710529,0.112938724,13.75,3.27,-5.19,0,0,0,0,0,0,74,100,0,0,100,36,1013.5,114,1460,3011,5580,12.71,14.149994,3.8060951,7.24486,243.43495,11.304229,260.83765,11.5199995,24.50381,272.52612,27.722336,270.74408,18.584509,278.91492,27.343414,279.09027
20220926T0000,12.380529,0.09918872,13.47,3.18,-5.12,0,0,0,0,0,0,74,100,0,0,100,24,1012.8,108,1452,3003,5574,12.84,13.880005,3.7246447,8.161764,228.57634,11.090103,256.86597,13.679999,28.460497,267.82526,27.74103,267.76883,20.519999,270,30.903435,278.0357
20220926T0100,11.470529,0.061272025,13.32,3.09,-5.46,0,0,0,0,0,0,77,100,0,0,100,29,1013.5,113,1456,3008,5579,11.75,13.440002,3.1031752,7.2,216.8699,9.826088,241.55707,15.4800005,28.460497,267.82526,26.661882,267.67847,27.419146,266.23596,33.121956,269.37726
20220926T0200,10.560529,0.023355365,12.78,3.69,-5.91,0,0,0,0,0,0,80,3,0,0,3,17,1012.8,106,1449,2998,5568,10.58,12.660004,2.5403223,6.618519,225,11.901798,266.53177,17.64,27.722336,270.74408,25.006397,276.61346,33.805515,262.04248,35.452232,260.05945
20220926T0300,10.210529,0.008772056,12.33,4,-6.41,0,0,0,0,0,0,81,87,0,0,87,24,1011.8,98,1439,2988,5555,10.16,12.02002,2.3576422,6.1094027,225,11.165805,268.1524,14.4,26.302181,272.3533,26.836306,276.93436,38.292225,260.80334,40.340885,256.5838
20220926T0400,10.820529,0.034188706,12.17,4.33,-6.36,0,0,0,0,0,0,80,100,2,0,100,20,1011.6,97,1437,2985,5551,11.26,11.980011,2.5846357,5.904439,232.43141,11.159999,270,12.24,29.888672,271.38037,22.702845,284.69733,38.773182,254.93152,45.21262,249.97792
20220926T0500,11.180529,0.049188692,12.15,4.02,-6.38,0,0,0,0,0,0,82,100,13,0,100,32,1011.8,99,1438,2985,5548,11.48,12.080017,2.3824053,7.342588,258.69006,12.959999,270,14.759999,31.1686,276.6325,25.40743,290.7461,37.346416,252.61304,51.57055,251.69153
20220926T0600,11.530529,0.063772045,12.16,3.4,-6.84,0,18.69,7.3965797,11.293421,0,0,81,100,25,0,100,42,1011.3,96,1435,2979,5539,12.42,12.26001,2.573679,9.360001,247.38014,14.05845,256.67548,15.4800005,28.1169,283.32452,28.73242,285.25513,40.30071,251.24136,52.7188,250.45145
20220926T0700,12.700529,0.11252204,13.11,2.89,-6.77,58.36364,166.43,51.363136,115.06686,0,0,75,2.7,9,0,0,93,1010.6,90,1431,2975,5535,14.42,12.990021,3.6573105,9.585739,235.71313,10.990322,238.3925,16.919998,30.960001,270,28.08,270,42.35167,252.18112,46.62799,256.6075
20220926T0800,14.060529,0.1691887,14.23,2.94,-6.6,53.939396,230.51,148.29019,82.21981,0.1,0,62,10,17,0,10,55,1010.4,89,1432,2975,5537,16.53,14,6.0739565,15.683776,260.7539,17.873556,260.72742,20.519999,25.509243,261.0694,32.399998,270,40.786587,249.32558,32.241615,286.20905
20220926T0900,14.970529,0.20710535,14.89,2.92,-6.79,53.939396,388.93,243.56781,145.36218,0,0,56,10,27,6,10,60,1009.7,83,1429,2972,5536,18.62,15.420013,7.458522,18.079027,257.34744,19.562946,257.24246,25.199999,25.277023,259.3302,32.072342,267.42664,41.556225,250.78023,35.598152,331.62076
20220926T1000,14.900529,0.2041887,15.31,2.99,-7.03,38.78788,189.56999,25.400497,164.1695,0,0,54,35,7,35,10,54,1009,77,1425,2968,5536,16.58,15.75,7.7625036,18.899143,252.25534,21.41319,253.39302,26.64,27.595825,254.87599,29.07989,254.93152,40.77546,256.20914,38.141315,326.15994
20220926T1100,15.810529,0.24210536,16.12,3.7,-6.74,0,457.46,387.50885,69.95115,0,0,49,100,35,100,10,55,1008.3,71,1422,2966,5539,17.87,17.130005,9.123484,22.881956,257.27563,26.052162,258.84534,28.08,33.27031,256.86597,34.488674,256.10883,42.793083,259.8245,39.172237,306.02737
20220926T1200,17.57053,0.31543875,17.25,4.86,-5.69,0,577.61,378.85706,198.75294,0,0,42,100,17,100,10,38,1007,61,1417,2965,5541,23.27,20.140015,11.602139,17.28,270,18.36353,271.12332,22.319998,22.392462,265.38934,23.576563,262.98352,43.13395,255.49983,45.391415,291.8858
20220926T1300,16.89053,0.2871054,17.27,4.98,-6.32,0,214.48999,30.998093,183.4919,0,0,44,100,3,100,100,46,1007.2,62,1419,2968,5545,18.94,19.399994,10.730743,19.45333,272.1211,22.33161,271.84763,25.56,27.44513,265.48602,27.645092,261.76437,54.763794,252.39882,49.00498,285.77194
20220926T1400,16.79053,0.28293872,17.28,5.02,-6.67,0,204.7,47.361176,157.33882,0,0,47,100,49,100,100,78,1005.8,51,1408,2956,5535,18.79,18.820007,10.091693,20.721119,262.01068,24.031178,261.38434,29.519999,31.983318,258.31064,32.839024,257.33493,53.88588,257.2636,52.60067,277.0764
20220926T1500,16.65053,0.27710542,17.37,5.17,-5.29,0,176.22,63.01419,113.20581,0,0,47,100,81,100,100,51,1005.9,51,1408,2958,5537,17.78,18.300018,10.002429,22.366402,266.30862,27.44513,265.48602,28.8,36.359997,258.57883,36.8486,255.28493,43.17899,277.18427,50.607857,278.59122
20220926T1600,16.000528,0.25002202,16.79,5.03,-6.2,0,134.39,83.36128,51.02872,0,0,47,100,1,100,100,15,1005.2,45,1400,2952,5528,17.12,17.679993,9.5970125,23.565567,251.28827,29.374763,250.67682,32.760002,45.14377,246.50143,55.866154,243.60007,55.637177,265.1748,46.46371,280.26514
20220926T1700,14.710529,0.19627206,15.67,4.83,-5.94,0,56.07,34.51557,21.554426,0,0,55,100,0,100,100,26,1005.3,46,1398,2947,5524,15.23,16.800018,7.5013914,20.94507,241.23236,27.105392,239.68878,32.039997,50.77149,240.70865,58.749527,250.67682,55.02232,263.991,50.761276,269.59366
20220926T1800,14.340529,0.1808554,15.62,5.62,-6.75,0,1.78,0.40305758,1.3769424,0,0,54,100,0,100,100,37,1004.7,42,1395,2943,5521,14.3,15.820007,7.4871225,23.042812,208.96767,30.871965,211.65128,37.079998,56.934654,237.91782,60.007797,250.3693,65.92818,267.80945,55.145844,277.125
20220926T1900,13.980529,0.16585536,15.28,5.57,-6.28,0,0,0,0,0,0,59,100,0,100,100,22,1003.9,34,1387,2939,5512,13.88,15.119995,6.5195923,21.900904,205.30138,29.827904,209.65912,39.239998,58.72857,237.77124,66.281075,249.9903,70.61324,259.72128,54.33138,260.84973
20220926T2000,13.290529,0.13710539,14.69,5.3,-5.82,0,0,0,0,0.1,0,65,100,0,3,100,26,1004.1,37,1388,2940,5511,13.17,14.51001,5.3214207,20.929594,206.56505,29.024128,209.74489,32.399998,60.814434,235.3692,67.929436,247.23999,63.37636,268.69806,76.51842,252.75854
20220926T2100,12.860529,0.1191887,14.28,5.24,-4.59,0,0,0,0,0,0,66,100,0,83,100,13,1003,27,1377,2932,5497,13.03,13.980011,5.026288,21.67487,221.63354,28.775238,223.47923,41.399998,62.313286,244.32318,70.74435,249.44395,73.27482,262.94482,78.44118,259.1542
20220926T2200,12.170529,0.09043872,13.57,4.43,-4.76,0,0,0,0,0.4,0,74,100,0,100,100,9,1001.7,17,1362,2916,5481,12.34,13.619995,3.6736145,16.563911,227.64255,20.929594,229.18492,35.28,61.37023,241.63095,84.04284,242.99591,58.7076,271.757,81.72555,255.7189
20220926T2300,12.220529,0.092522025,13.87,4.68,-5.37,0,0,0,0,0.9,0,71,100,0,100,100,39,1000.9,10,1355,2906,5465,11.99,13.200012,4.110983,27.698954,242.10274,37.029285,243.43495,38.16,73.75082,244.5607,88.79092,261.6071,54.72473,270.75385,92.90511,252.40758
20220927T0000,11.040529,0.043355387,12.27,2.59,-6.44,0,0,0,0,0.2,0,83,100,0,41,100,52,1002.7,24,1360,2907,5456,11.14,12.75,2.2292633,28.460497,272.17474,36.47388,274.5288,36.36,55.23977,286.66348,55.03763,285.9454,72.92022,265.75317,83.57119,264.31396
20220927T0100,10.640529,0.026688695,11.82,2.08,-7.48,0,0,0,0,0,0,82,100,0,100,100,71,1003,26,1362,2901,5446,10.89,12.309998,2.2984962,25.199999,270,33.87062,272.43665,33.839996,56.012115,287.96915,56.317852,283.68094,68.41515,268.79395,83.209854,271.9835
20220927T0200,9.890529,0,11.08,1.73,-8.73,0,0,0,0,0,0,82,100,0,100,100,65,1002.7,24,1358,2894,5432,10.2,11.899994,2.1862822,26.64,270,34.56,270,37.8,57.833527,288.88608,53.85701,289.52502,53.058186,289.41846,79.85593,281.96848
20220927T0300,9.780529,0,10.93,1.25,-8.93,0,0,0,0,0,0,82,100,0,100,100,96,1003.5,31,1361,2896,5429,10.14,11.440002,2.1702375,31.698402,268.0475,41.76155,269.5061,41.399998,65.481415,286.9406,56.37765,290.17065,49.205563,286.5788,86.33772,298.38165
20220927T0400,8.480529,0,9.69,0.75,-10.19,0,0,0,0,0,0,83,100,0,100,100,39,1004,34,1360,2889,5425,8.75,10.850006,1.8778667,29.239891,274.2364,38.006863,275.9806,40.32,58.521873,293.56885,59.894306,297.1811,59.37272,292.83368,103.596214,311.0548
20220927T0500,7.8005285,0,9,0.36,-10.45,0,0,0,0,0,0,83,100,0,0,100,29,1005.2,44,1366,2892,5434,7.88,10.220001,1.793169,25.562534,269.19305,33.841915,269.3905,34.56,52.144104,287.6844,50.142197,302.0926,63.16333,294.22775,119.52541,319.64206
20220927T0600,7.7805285,0,8.74,0.1,-10.84,10.504545,19.58,6.3830395,13.19696,0,0,80,72,0,0,72,14,1005.5,46,1368,2892,5439,8.55,9.899994,2.10674,26.642431,270.77423,33.857227,271.82797,34.56,53.348064,291.37064,48.46247,305.9335,60.379196,297.32895,121.829544,319.6742
20220927T0700,8.750529,0,9.27,-0.24,-10.75,16.969696,163.76,49.704895,114.0551,0,0,75,71,0,0,71,27,1006.4,54,1376,2900,5452,10.69,10.27002,2.8124475,25.570139,271.61353,30.619051,272.02136,30.239998,42.87628,293.76712,38.46613,301.6075,59.896465,287.12805,114.60672,313.21802
20220927T0800,9.430529,0,9.94,0.02,-10.69,0,263.44,151.50024,111.93975,0,0,69,100,0,0,100,38,1006.2,53,1377,2900,5452,11.15,11.200012,3.6508923,22.782625,264.5597,26.758923,264.59622,27.72,36.504074,275.0921,34.882866,301.06516,51.78121,283.26334,112.974625,309.82895
20220927T0900,10.360529,0.015022039,10.61,-0.3,-10.16,0,259.88,165.33325,94.546745,0,0,64,100,0,2,100,42,1006.2,53,1379,2904,5455,13.3,12.089996,4.512047,20.696085,256.9307,23.664352,256.8094,26.64,32.654995,255.96376,42.95933,256.42957,44.398376,274.1849,113.4794,307.52426
20220927T1000,10.190529,0.007938703,10.63,-0.08,-9.91,18.78788,201.14,36.1931,164.9469,0,0,64,68,0,0,68,25,1006,51,1378,2903,5457,12.31,12.429993,4.461149,29.024128,262.875,35.143818,263.53018,36.719997,48.502567,264.03552,53.126534,275.05383,47.172367,271.3119,112.23054,304.14886
20220927T1100,11.340529,0.055855393,10.96,0.05,-10.09,16.363636,583.83997,367.11566,216.7243,0,0,60,72,0,0,72,24,1005.7,49,1377,2903,5458,16.84,14.02002,5.350623,32.407997,268.727,37.45557,268.34772,39.96,48.60133,269.5756,54.834747,277.54492,53.74138,280.0302,112.73691,301.15204
20220927T1200,13.130529,0.13043873,13.75,2.2,-7.51,0,270.56,73.85922,196.70078,0,0,60,100,0,10,100,67,1003.5,31,1372,2910,5463,15.07,14.640015,6.0184975,26.882141,262.30396,32.43398,261.06042,38.16,45.40569,255.30269,60.584908,253.07248,61.920002,270,112.7237,297.79263
20220927T1300,12.070529,0.08627204,12.77,1.89,-7.39,0,181.56,9.162552,172.39745,0.5,0,70,100,0,11,100,82,1004.1,36,1373,2911,5463,13.83,14.450012,4.2109995,30.141266,262.4506,37.374172,262.80652,39.6,59.668846,261.67435,61.048393,274.7356,61.90535,283.79382,113.12997,294.03656
20220927T1400,12.360529,0.098355375,13.24,2.35,-7.28,0,152.19,7.912674,144.27733,0.2,0,68,100,0,6,100,82,1002.9,27,1365,2905,5454,13.68,14.179993,4.578163,28.30983,262.69424,35.9946,261.95096,41.399998,53.74138,259.9698,69.48093,269.70312,71.02591,278.74615,111.974464,291.6988
20220927T1500,12.220529,0.092522025,13.15,2.39,-7.2,0,145.95999,33.085915,112.87408,0.1,0,68,100,0,100,100,72,1003.3,30,1369,2909,5454,13.19,13.970001,4.536257,31.845251,264.16052,39.797504,264.28943,44.639996,58.962013,264.39383,72.51655,276.84277,75.25377,287.82822,113.648865,291.36328
20220927T1600,11.640529,0.06835536,12.57,2.1,-7.57,0,76.54,13.505676,63.034325,0,0,72,100,0,100,94,72,1004,35,1372,2911,5453,12.46,13.52002,3.820445,29.539747,267.90475,37.45557,268.34772,41.760002,62.284157,270.66235,65.83965,283.2764,75.74215,292.05426,111.18465,292.66266
20220927T1700,11.090529,0.045438726,12.1,2.31,-7.63,0,46.28,40.77321,5.506791,0,0,75,100,0,100,100,78,1004.2,37,1374,2913,5453,11.59,13.02002,3.289217,21.791153,262.40536,28.66694,262.78574,33.839996,59.7871,271.72525,61.90011,276.009,65.23256,285.03326,110.28287,296.56506
20220927T1800,10.740529,0.030855378,12.01,2.87,-7.55,0,1.78,0.624833,1.155167,0.4,0,83,100,0,100,100,138,1004.2,37,1375,2914,5455,11.04,12.420013,2.1852894,16.645864,248.4287,23.565567,251.28827,31.319998,56.972202,266.73984,62.067383,277.33112,66.2488,291.6858,108.42157,300.31122
20220927T1900,10.970529,0.040438693,12.37,3.35,-7.7,0,0,0,0,0,0,81,100,0,100,100,137,1003.4,31,1370,2910,5454,10.89,12.02002,2.4799843,19.011953,251.22197,26.999998,253.7398,33.12,60.14694,271.71494,67.46999,277.0492,65.92326,283.58093,107.00238,301.65802
20220927T2000,10.990529,0.041272044,12.42,2.83,-7.45,0,0,0,0,0.3,0,82,100,0,100,100,141,1004.7,41,1380,2921,5468,10.76,11.76001,2.352579,19.93048,253.20163,27.943514,255.06857,33.839996,62.284157,269.33765,63.72813,276.1615,63.62636,280.10187,110.05642,302.44244
20220927T2100,11.180529,0.049188692,12.78,2.95,-7.38,0,0,0,0,0,0,77,100,0,100,84,100,1003.9,34,1374,2916,5468,10.63,11.580017,3.0441847,22.33161,249.22775,31.311722,250.52344,36.719997,61.581047,263.62283,63.385563,271.6273,68.38294,275.7406,115.28153,301.85367
20220927T2200,10.960529,0.040022057,12.8,2.84,-7.23,0,0,0,0,0,0,77,60,0,49,60,71,1003.1,28,1368,2911,5468,10.05,11.300018,3.0000944,20.447239,243.8861,29.644857,245.61363,32.760002,62.25815,264.0257,66.2488,270.93408,73.69456,274.76364,125.70548,301.41403
20220927T2300,11.010529,0.042105358,12.74,3.4,-6.77,0,0,0,0,0,0,78,100,1,86,100,80,1002.4,22,1363,2907,5469,10.34,11.160004,2.8791933,20.799152,246.54099,29.215502,247.54306,33.839996,61.353333,262.5831,60.497135,271.36392,75.30972,272.46576,128.50992,299.72498
20220928T0000,11.210529,0.05043872,13.19,3.91,-6.42,0,0,0,0,0.1,0,77,100,9,100,100,75,1001.3,14,1356,2904,5472,10.58,11.170013,3.0502415,15.496736,239.26453,23.993399,242.2815,34.92,64.793,252.87387,70.82125,262.40536,69.48839,270.89053,130.73106,296.8473
20220928T0100,11.330529,0.055438716,13.23,4.02,-6.25,0,0,0,0,0,0,78,100,36,100,6,50,1000.9,11,1353,2900,5473,10.4,11.110016,2.940896,20.730501,249.67686,29.940662,251.7829,36.36,65.91441,263.72894,63.729153,270.971,54.431477,277.21902,129.35677,292.0679
20220928T0200,11.390529,0.057938695,13.22,3.45,-6.14,0,0,0,0,0,0,78,100,43,100,89,39,1000.3,5,1347,2894,5472,10.56,11.149994,2.9525938,25.045238,251.56506,34.275703,252.89728,40.68,68.58637,262.7631,71.7927,266.2624,56.217663,276.9885,134.78911,288.53174
20220928T0300,11.210529,0.05043872,12.98,3.34,-4.47,0,0,0,0,0,0,80,100,24,100,100,42,999.8,1,1342,2891,5470,10.66,11.26001,2.6523829,23.806318,249.64677,32.559605,251.96573,37.44,67.17739,265.38934,66.60389,270.6194,95.310295,287.13455,137.82407,286.54156
20220928T0400,11.200529,0.050022047,13.02,2.66,-4.4,0,0,0,0,0.5,0,85,100,27,100,100,55,999.8,0,1341,2892,5468,10.72,11.25,1.9879704,23.377836,260.2476,33.50128,261.34747,35.64,62.904266,264.74622,56.164616,269.26547,89.32208,283.75623,134.45554,289.0656
20220928T0500,10.940529,0.0391887,12.74,3.1,-5.45,0,0,0,0,0.1,0,81,100,26,100,100,19,999.6,0,1339,2889,5466,10.48,11.220001,2.475051,22.461807,248.36911,30.972555,250.30138,31.319998,54.431477,262.78098,47.40668,279.1762,85.70798,292.47177,126.27792,287.24683
20220928T0600,10.760529,0.03168869,12.66,3.85,-4.16,0,3.56,0.17284846,3.3871515,0.9,0,86,100,100,100,100,42,999,-5,1336,2886,5467,10.67,11.160004,1.8020439,9.83268,246.2505,16.516901,249.59012,20.519999,44.8153,264.9306,42.5044,268.05853,72.73425,271.13443,125.39219,283.2782
20220928T0700,10.840529,0.03502206,12.42,3.27,-3.56,0,24.029999,0.87156487,23.158434,1.6,0,90,100,100,100,100,48,999.2,-3,1334,2887,5470,10.94,11.279999,1.2940369,13.363711,274.63547,19.881649,275.19443,21.96,44.693676,280.67636,41.19759,264.98688,82.87822,267.51044,119.1377,277.6404
20220928T0800,10.680529,0.02835536,12.02,3.04,-3.74,0,40.94,0.6570282,40.28297,1.7,0,89,100,100,100,100,33,999.1,-4,1331,2886,5470,11.28,11.360016,1.4083796,13.397612,300.6997,17.477621,302.38068,19.08,29.168886,294.0343,44.15103,279.38553,84.979065,271.2137,110.97873,275.21124
20220928T0900,10.400529,0.016688704,11.58,2.66,-3.64,0,76.54,1.7363129,74.80369,0.8,0,86,100,100,100,100,1,999.8,0,1334,2888,5472,11.08,11.529999,1.7593708,16.418526,307.875,21.096123,306.67438,23.039999,32.909985,300.21133,46.363194,283.92834,81.135086,266.69327,108.39826,271.52246
20220928T1000,9.820529,0,10.79,3.31,-4.11,0,90.78,1.6425323,89.13747,1,0,83,100,100,100,100,6,1000.4,4,1338,2890,5472,11.19,11.51001,2.0551672,12.9249525,282.875,15.192682,283.70697,21.96,39.711117,292.38013,47.90165,271.72266,84.252304,269.0207,103.35073,268.60284
20220928T1100,9.970529,0,10.98,2.5,-4.16,0,114.81,2.6082535,112.201744,0.7,0,83,100,100,100,100,8,1000.4,4,1339,2890,5471,11.3,11.589996,2.0759048,12.371645,278.3659,14.973576,279.68878,19.44,36.322556,283.7608,38.329437,275.3893,88.21837,268.83087,104.834816,267.8352
20220928T1200,12.120529,0.088355385,13.19,4.1,-2.06,0,114.81,2.419815,112.39018,0.6,0,83,100,100,100,100,62,999,-5,1337,2891,5482,13.36,13.01001,2.3940945,15.072783,310.156,17.610588,310.85538,21.599998,30.261421,302.36664,30.282827,288.00415,68.97735,256.10883,90.6464,265.4442
20220928T1300,11.310529,0.054605365,12.41,3.36,-2.45,0,89,1.132698,87.8673,0.7,0,85,100,100,100,100,24,1000.3,4,1344,2898,5488,12.34,12.850006,2.0025034,15.0038395,300.25644,18.218275,299.60446,20.519999,32.44996,289.44003,33.626774,291.3458,79.12223,251.97725,90.33202,262.90332
20220928T1400,11.100529,0.045855362,12.2,3,-3.03,0,78.32,1.1640091,77.15599,0.7,0,83,100,100,100,100,17,1000.2,3,1342,2895,5484,12.02,12.640015,2.2381506,12.758432,286.38956,15.937878,288.43497,17.28,25.600533,295.8444,28.772987,301.70145,76.260544,257.73523,89.42649,260.49976
20220928T1500,10.770529,0.032105368,11.88,2.89,-3.56,0,63.19,1.2454376,61.94456,0.3,0,81,100,100,100,100,8,1000.4,5,1342,2894,5480,11.58,12.369995,2.447258,10.086427,272.0454,12.620554,273.2705,14.759999,19.33639,294.1791,18.440998,308.65982,65.592155,259.24512,88.46409,258.73578
20220928T1600,10.630529,0.026272058,11.88,2.8,-4.17,0,45.39,1.4563103,43.93369,0.1,0,79,100,100,100,100,15,1001,10,1348,2894,5478,11.06,12.070007,2.6797962,8.089993,249.14554,11.177405,255.06857,11.5199995,17.58481,292.89056,17.283749,305.67642,51.675987,261.58765,88.36075,255.85052
20220928T1700,10.360529,0.015022039,11.74,2.87,-5.36,0,17.8,2.1319132,15.668086,0,0,82,100,100,100,100,29,1001.1,11,1348,2890,5469,10.53,11.700012,2.2560234,8.669949,221.63354,12.313894,232.12502,11.159999,18.532133,277.8153,10.829958,291.44775,46.445576,270.88824,89.64651,248.07042
20220928T1800,10.210529,0.008772056,11.97,2.54,-6.45,0,0.89,0.04189557,0.8481044,0,0,84,100,100,100,13,34,1002.7,24,1361,2902,5476,9.99,11.279999,1.985383,7.386582,226.97495,12.245293,245.69547,17.28,26.319422,273.13635,16.595179,282.5288,37.827415,278.2072,70.92,261.82877
20220928T1900,10.080529,0.003355384,11.86,2.63,-6.34,0,0,0,0,0,0,86,100,100,100,5,38,1002.1,20,1356,2898,5466,9.92,10.970001,1.722189,6.489992,213.69006,10.315115,240.75117,17.28,24.881702,266.68222,12.620554,273.2705,34.428497,276.60486,71.3536,267.39746
20220928T2000,10.0505295,0.002105395,11.99,2.75,-6.73,0,0,0,0,0,0,86,100,100,100,100,38,1003,27,1363,2904,5470,10,10.77002,1.7187386,5.2416787,195.9454,9,233.1301,10.08,22.505037,262.6476,15.5843,263.3675,33.887836,266.95523,75.97365,271.08606
20220928T2100,10.0505295,0.002105395,12.08,2.83,-7.41,0,0,0,0,0,0,86,100,88,100,100,37,1003.1,27,1365,2905,5469,10,10.700012,1.7187386,5.1919937,146.30994,5.1919937,213.69006,14.759999,20.969805,258.11133,16.516901,249.59012,31.92654,262.875,73.8079,269.1616
20220928T2200,9.950529,0,12.04,2.57,-7.5,0,0,0,0,0,0,87,100,71,100,100,44,1002.5,22,1360,2900,5464,9.98,10.649994,1.5853338,5.3517847,109.653824,3.0758414,159.44395,9.36,20.176065,254.47589,17.917007,247.55725,31.427404,260.10608,71.08701,263.01895
20220928T2300,9.710529,0,11.71,2.8,-6.69,0,0,0,0,0,0,89,99,0,46,99,28,1001.8,17,1353,2895,5457,9.79,10.600006,1.3200493,7.771331,103.392494,7.289444,110.22486,9.72,16.954432,266.34778,18.86139,246.37064,38.881668,269.4695,67.82538,260.83765
20220929T0000,9.140529,0,11.5,2.58,-6.13,0,0,0,0,0,0,91,88,0,88,33,11,1002.2,20,1356,2898,5458,8.94,10.190002,1.039464,8.891344,111.37062,13.441071,97.696045,8.28,11.159999,270,16.24394,257.19574,40.345707,267.9546,64.88194,263.30875
20220929T0100,9.110529,0,11.69,2.78,-6.51,0,0,0,0,0,0,91,100,0,100,100,4,1002.3,20,1356,2900,5457,9.26,10.040009,1.0373659,8.225035,113.19859,13.397612,120.69972,8.64,6.924738,261.02737,18.25026,247.98871,42.699093,275.80673,70.25997,261.4547
20220929T0200,8.970529,0,11.61,2.55,-6,0,0,0,0,0.1,0,92,100,0,100,100,13,1001.7,15,1351,2895,5450,9.24,10.02002,0.9134445,6.725354,105.5241,13.849477,117.89726,8.28,5.506941,258.69006,19.33639,245.82089,36.969738,247.68057,70.563675,261.78723
20220929T0300,8.790529,0,11.31,2.31,-5.69,0,0,0,0,0.3,0,93,100,0,100,100,9,1000.9,9,1343,2888,5442,9.15,9.970001,0.78961563,7.342588,101.30993,15.315873,113.55226,7.5599995,3.2599385,263.65982,16.1198,246.29736,38.16849,244.88516,69.07686,257.05017
20220929T0400,8.890529,0,10.67,2.27,-6.08,0,0,0,0,0.5,0,91,100,0,100,100,12,1001.1,11,1345,2889,5443,9.1,9.910004,1.0220947,9.605998,102.99461,17.193533,109.57312,8.64,0.8049845,296.56506,11.440978,257.27563,42.609463,256.31598,70.28118,249.6157
20220929T0500,8.570529,0,10.36,2.07,-6.45,0,0,0,0,0.6,0,91,100,8,100,100,14,1001.2,11,1344,2888,5441,8.86,9.809998,1.0002375,11.090103,103.13402,17.193533,109.57312,7.5599995,1.8,36.86989,5.6920996,251.56506,32.846916,260.5377,68.79109,253.27203
20220929T0600,8.5505295,0,10.26,1.94,-6.19,0,7.12,4.335821,2.7841787,0.4,0,90,100,13,100,100,10,1001.6,14,1347,2890,5441,9.23,9.730011,1.1098728,10.041354,104.534454,14.578888,110.22486,12.24,1.484318,14.03624,6.9527545,248.7495,34.322937,257.27563,65.31495,248.66774
20220929T0700,9.240529,0,10.61,2.12,-6.78,0,86.33,53.11531,33.21469,0.1,0,88,100,11,100,100,3,1001.2,11,1345,2887,5437,10.46,10.130005,1.3953114,10.829958,111.44774,12.904882,112.98871,12.959999,0.5091169,225,7.771331,256.6075,28.73242,254.74487,66.94258,252.14969
20220929T0800,10.180529,0.007522027,11.05,2.48,-6.63,0,154.86,93.68916,61.170834,0.2,0,85,100,11,100,100,23,1001.3,12,1346,2888,5437,12.16,10.869995,1.8575716,11.043261,109.025604,12.181625,108.9704,14.04,1.8,270,9.9571085,192.52881,30.10685,243.74135,64.34339,253.08583
20220929T0900,11.070529,0.044605374,11.73,2.75,-6.62,0,237.62999,134.39664,103.23335,0.1,0,83,100,5,100,100,58,1001.4,13,1349,2892,5439,13.83,11.890015,2.2337036,11.304229,99.162346,11.792404,102.33909,7.5599995,1.08,270,14.77755,214.0772,24.567198,235.14555,60.80697,250.27773
20220929T1000,11.510529,0.06293869,12.17,2.76,-6.28,0,288.36,143.01047,145.34952,0.2,0,79,100,4,100,100,59,1001.9,17,1354,2897,5444,14.07,12.920013,2.8408346,7.9526596,84.805565,7.9526596,84.805565,6.12,1.484318,165.96376,10.233123,219.28941,19.453327,218.991,61.226463,245.69547
20220929T1100,11.700529,0.07085538,12.29,2.62,-6.38,0,234.06999,47.815018,186.25497,0.5,0,77,100,23,100,100,56,1001.6,14,1352,2895,5442,15.06,13.450012,3.1506758,3.319036,49.398697,3.6,53.130096,3.2399998,2.5455842,278.1301,7.2805495,278.53076,18.792551,249.82935,61.5421,241.33604
20220929T1200,12.170529,0.09043872,12.74,2.72,-6.3,0,302.6,116.341446,186.25856,0.1,0,75,100,30,100,100,63,1001.4,13,1353,2896,5442,15.7,14.240021,3.532322,2.0364676,315,1.5273507,315,2.8799999,6.2145634,280.008,9.6932955,285.06848,31.122828,240.17291,61.521038,235.00798
20220929T1300,12.030529,0.08460537,12.76,2.69,-6.38,0,224.28,44.508865,179.77113,0.5,0,79,100,37,100,100,149,1002.5,23,1362,2904,5448,13.88,14.380005,2.93995,13.276144,282.5288,13.910169,280.43747,15.119999,15.192682,283.70697,16.279802,288.0343,26.33911,259.7652,62.208164,232.99748
20220929T1400,12.590529,0.10793873,12.92,2.56,-6.7,0,221.61,71.852356,149.75764,0.7,0,72,100,36,100,0,73,1003.1,28,1367,2909,5450,16.02,14.320007,4.066781,17.193533,289.57312,18.671474,289.13367,18,22.79684,285.57254,21.288757,273.87854,34.03476,246.96057,62.744396,231.28885
20220929T1500,12.220529,0.092522025,13.07,2.18,-7.22,3.0303025,187.79,86.630684,101.15931,0.1,0,71,94,41,94,61,89,1003.7,33,1371,2912,5452,13.28,14.130005,4.110983,15.716793,290.0952,18.58451,291.5953,20.519999,21.288757,288.74133,17.727943,282.9074,32.385994,245.71417,62.595497,229.8991
20220929T1600,11.720529,0.07168869,12.45,1.99,-7.31,30.90909,114.81,62.75997,52.050026,0.1,0,74,48,43,48,45,76,1004.1,36,1372,2912,5451,13.09,13.640015,3.5663357,14.618837,279.92624,17.581125,280.61966,17.64,21.829777,283.34872,18.25026,284.8586,30.21642,248.32535,60.181408,228.39493
20220929T1700,11.210529,0.05043872,12.52,1.91,-7.35,36.36364,102.35,29.820183,72.529816,0,0,74,39,63,39,7,53,1004.7,40,1377,2915,5452,10.92,12.950012,3.4480982,11.367109,280.95407,17.114204,284.62088,16.919998,22.35481,284.93143,22.42427,275.52753,26.33911,259.7652,54.14979,232.29205
20220929T1800,10.700529,0.029188713,11.99,1.82,-7.29,0,1.78,1.3891692,0.39083073,0,0,77,100,39,27,100,36,1005.8,50,1385,2922,5457,10.81,12.100006,2.9487152,9.746631,274.2364,17.163355,279.6599,19.44,21.288757,288.74133,20.268991,289.7223,22.963936,279.01932,45.657597,234.30478
20220929T1900,10.370529,0.015438716,11.61,1.87,-7.52,0,0,0,0,0,0,80,100,22,9,100,31,1006.6,57,1391,2928,5462,10.43,11.630005,2.5083637,9.007196,272.29062,16.039202,279.0395,19.44,17.555307,298.1416,15.484185,305.5377,17.429354,321.70984,35.770668,241.11342
20220929T2000,10.020529,0.000855366,11.09,2.06,-7.86,0,0,0,0,0,0,81,100,24,3,100,36,1007.3,62,1395,2932,5466,10.12,11.25,2.3279,9.007196,267.7094,15.124284,271.36392,18.359999,15.546833,312.18445,10.630672,331.69925,16.135872,321.3402,32.553635,240.88387
20220929T2100,9.660529,0,10.66,1.91,-7.95,0,0,0,0,0,0,84,100,29,4,100,40,1007.9,67,1399,2935,5469,9.89,10.950012,1.9136457,9.726665,272.1211,15.5843,276.6325,19.08,14.773164,316.97495,9.659814,333.43497,13.044722,320.59937,30.10685,243.74135
20220929T2200,9.060529,0,10.56,1.6,-8.06,0,0,0,0,0,0,85,22,37,17,22,8,1008.2,69,1401,2936,5471,8.6,10.540009,1.7231293,8.4042845,279.8658,14.241629,286.14435,16.919998,14.773164,316.97495,10.44,316.3972,12.599998,306.8699,28.412645,247.65936
20220929T2300,8.690529,0,10.31,1.44,-8.1,0,0,0,0,0,0,88,47,100,47,42,39,1008.2,69,1399,2934,5471,8.23,9.929993,1.3445139,4.73506,278.74615,10.538843,277.85333,15.119999,14.168641,297.2161,10.805998,299.98163,11.298495,300.6507,28.236486,250.641
