time_step_counter,growing_season,dap,th1,th2,th3,th4,th5,th6,th7,th8,th9,th10,th11,th12,time_step_counter,season_counter,dap,Wr,z_gw,surface_storage,IrrDay,Infl,Runoff,DeepPerc,CR,GwIn,Es,EsPot,Tr,TrPot,time_step_counter,season_counter,dap,gdd,gdd_cum,z_root,canopy_cover,canopy_cover_ns,biomass,biomass_ns,harvest_index,harvest_index_adj,yield_,Season,crop Type,Harvest Date (YYYY/MM/DD),Harvest Date (Step),Yield (tonne/ha),Seasonal irrigation (mm)
0.0,1.0,1.0,0.44207,0.37437605444181427,0.3331977810817105,0.3331977810817105,0.3331977810817105,0.3331977810817105,0.3331977810817105,0.3331977810817105,0.3331977810817105,0.3331977810817105,0.3331977810817105,0.3331977810817105,0.0,0.0,1.0,114.97,-999.0,0.0,0.0,16.798049227839325,4.701950772160675,11.762662701947407,0.0,0.0,1.793,1.793,0.0,0.0,0.0,0.0,1.0,11.85,11.85,0.3,0.0,0.0,0.0,0.0,0.0,0.0,0.0,0.0,PotatoLocal,2023-09-03,124.0,10.354674338736281,189.31
1.0,1.0,2.0,0.3182502377672684,0.35323023776726836,0.34584699131834484,0.33995391113206774,0.3371356841823062,0.33553962158108547,0.3345314964446682,0.3338453719067801,0.3333524847297657,0.3329836648532709,0.3326987397623943,0.33247291938213314,1.0,0.0,2.0,101.73,-999.0,0.0,0.0,0.0,0.0,8.360250443156595,0.0,0.0,3.4980000000000007,3.4980000000000007,0.0,0.0,1.0,0.0,2.0,11.52,23.369999999999997,0.3,0.0,0.0,0.0,0.0,0.0,0.0,0.0,,,,,,
2.0,1.0,3.0,0.2661102377672684,0.33562414948784053,0.3338810307392975,0.33321529054873034,0.33296717338715115,0.3326532221026241,0.3323741924832818,0.3321404043292975,0.33194611798529977,0.33178377742477566,0.3316468570080461,0.33153020455547233,2.0,0.0,3.0,93.56,-999.0,0.0,0.0,0.0,0.0,5.182870300826817,0.0,0.0,5.214,5.214,0.0,0.0,2.0,0.0,3.0,11.955,35.324999999999996,0.3,0.0,0.0,0.0,0.0,0.0,0.0,0.0,,,,,,
3.0,1.0,4.0,0.2255192036742442,0.33139908084136543,0.3309679992234723,0.33080275525499264,0.33079453048136953,0.3307803099598405,0.33075430172074455,0.33072375362139245,0.3306924192329823,0.3306620378988204,0.33063334767502156,0.3306066008923322,3.0,0.0,4.0,88.78999999999999,-999.0,0.0,0.0,0.0,0.0,2.0945283249482856,0.0,0.0,4.0591034093024385,4.9719999999999995,0.0,0.0,3.0,0.0,4.0,14.545000000000002,49.87,0.3,0.0,0.0,0.0,0.0,0.0,0.0,0.0,,,,,,
4.0,1.0,5.0,0.21000332056737722,0.33035025899589576,0.3302424944115261,0.3302011487022146,0.3301990902459501,0.3301987011526209,0.3301979964397036,0.33019628630774545,0.3301938002225434,0.33019079635834786,0.33018747906364015,0.3301839945840456,4.0,0.0,5.0,87.06,-999.0,0.0,0.0,1.7,0.0,0.6475090318100274,0.0,0.0,3.2515883106867194,3.4320000000000004,0.0,0.0,4.0,0.0,5.0,16.805,66.675,0.3,0.0,0.0,0.0,0.0,0.0,0.0,0.0,,,,,,
5.0,1.0,6.0,0.18084682433263624,0.3300878247956516,0.33006081343083654,0.33005044775308595,0.3300499316492723,0.33004983409398825,0.3300498139850104,0.3300497841313785,0.3300496914585357,0.330049530391305,0.3300493064099482,0.33004902905128686,5.0,0.0,6.0,84.1,-999.0,0.0,0.0,0.0,0.0,0.17460393339343627,0.0,0.0,2.915649623474123,4.455,0.0,0.0,5.0,0.0,6.0,16.465,83.14,0.3,0.0,0.0,0.0,0.0,0.0,0.0,0.0,,,,,,
6.0,1.0,7.0,0.25403682433263625,0.3300220300379307,0.3300152551021313,0.33001265505870847,0.33001252560126587,0.3300125011308613,0.3300124960867991,0.33001249500593066,0.33001249393682064,0.3300124896974095,0.33001248105494196,0.33001246742926904,6.0,0.0,7.0,91.4,-999.0,0.0,0.0,9.2,0.0,0.04461170082307298,0.0,0.0,1.881,1.881,0.0,0.0,6.0,0.0,7.0,15.085,98.225,0.3,0.0,0.0,0.0,0.0,0.0,0.0,0.0,,,,,,
7.0,1.0,8.0,0.2426283897061233,0.3300055265742521,0.3300038270159932,0.33000317476078944,0.33000314228454924,0.3300031361457989,0.33000313488042377,0.33000313460927255,0.3300031345498028,0.3300031345188439,0.3300031343531476,0.33000313395952074,7.0,0.0,8.0,90.26,-999.0,0.0,0.0,1.6,0.0,0.011227648967429229,0.0,0.0,2.7408434626513314,2.8160000000000003,0.0,0.0,7.0,0.0,8.0,14.335,112.56,0.3,0.0,0.0,0.0,0.0,0.0,0.0,0.0,,,,,,
8.0,1.0,9.0,0.27534838970612324,0.3300013864604174,0.33000096009198704,0.3300007964600537,0.3300007883126976,0.3300007867726612,0.3300007864552149,0.33000078638719094,0.3300007863722716,0.33000078636894536,0.3300007863683526,0.33000078636284125,8.0,0.0,9.0,93.53,-999.0,0.0,0.0,6.0,0.0,0.002817723976067876,0.0,0.0,2.728,2.728,0.0,0.0,8.0,0.0,9.0,15.11,127.67,0.3,0.0,0.0,0.0,0.0,0.0,0.0,0.0,,,,,,
9.0,1.0,10.0,0.23961666299094447,0.3300003478256662,0.33000024086143637,0.3300001998106037,0.3300001977666515,0.3300001973802978,0.330000197300659,0.33000019728359364,0.3300001972798508,0.33000019727901636,0.3300001972788677,0.3300001972788316,9.0,0.0,10.0,89.96000000000001,-999.0,0.0,0.0,0.0,0.0,0.0007069067158964031,0.0,0.0,3.573172671517925,3.575,0.0,0.0,9.0,0.0,10.0,10.754999999999999,138.425,0.3,0.0,0.0,0.0,0.0,0.0,0.0,0.0,,,,,,
10.0,1.0,11.0,0.22495783119209378,0.3300000872602493,0.330000060425766,0.33000005012720063,0.3300000496144272,0.33000004951750134,0.330000049497522,0.33000004949324085,0.33000004949230183,0.3300000494920925,0.3300000494920551,0.33000004949204614,10.0,0.0,11.0,88.5,-999.0,0.0,0.0,1.0,0.0,0.0001773441071838858,0.0,0.0,2.465883179885093,2.5850000000000004,0.0,0.0,10.0,0.0,11.0,10.215,148.64000000000001,0.3,0.0,0.0,0.0,0.0,0.0,0.0,0.0,,,,,,
11.0,1.0,12.0,0.20025792915123403,0.3300000218912945,0.3300000151592312,0.3300000125755928,0.3300000124469516,0.33000001242263544,0.3300000124176231,0.330000012416549,0.33000001241631344,0.330000012416261,0.33000001241625165,0.3300000124162494,11.0,0.0,12.0,86.03,-999.0,0.0,0.0,0.1,0.0,4.449094496433085e-05,0.0,0.0,2.5699902040859826,3.0690000000000004,0.0,0.0,11.0,0.0,12.0,11.620000000000001,160.26000000000002,0.3,0.0,0.0,0.0,0.0,0.0,0.0,0.0,,,,,,
12.0,1.0,13.0,0.18435692284605434,0.3300000054919488,0.3300000038030515,0.33000000315488487,0.3300000031226123,0.33000000311651195,0.3300000031152544,0.3300000031149849,0.330000003114926,0.3300000031149128,0.33000000311491046,0.33000000311490985,12.0,0.0,13.0,84.44,-999.0,0.0,0.0,0.4,0.0,1.116160454251406e-05,0.0,0.0,1.9901006305179918,2.75,0.0,0.0,12.0,0.0,13.0,11.395,171.65500000000003,0.30437966170423636,0.0,0.0,0.0,0.0,0.0,0.0,0.0,,,,,,
13.0,1.0,14.0,0.17104228622145953,0.33000000137778535,0.3300000009540855,0.3300000007914775,0.3300000007833811,0.33000000078185077,0.33000000078153535,0.33000000078146763,0.3300000007814528,0.33000000078144953,0.33000000078144887,0.33000000078144875,13.0,0.0,14.0,89.69999999999999,-999.0,0.0,0.0,0.4,0.0,2.800152470678269e-06,0.0,0.0,1.7314636624594937,2.827,0.0,0.0,13.0,0.0,14.0,11.965,183.62000000000003,0.3165775944687474,0.0,0.0,0.0,0.0,0.0,0.0,0.0,,,,,,
14.0,1.0,15.0,0.16156858308146915,0.33000000034564997,0.33000000023935494,0.33000000019856085,0.33000000019652964,0.3300000001961457,0.3300000001960667,0.3300000001960497,0.33000000019604603,0.3300000001960451,0.3300000001960449,0.330000000196045,14.0,0.0,15.0,92.06,-999.0,0.0,0.0,1.2,0.0,7.024844763295509e-07,0.0,0.0,2.11070967563262,3.1528070860052195,0.03666063836643552,0.03666063836643552,14.0,0.0,15.0,13.565,197.18500000000003,0.32811283853408907,0.00680548884197039,0.00680548884197039,0.2556228931767543,0.2556228931767543,0.0,0.0,0.0,,,,,,
15.0,1.0,16.0,0.1796623492051683,0.3300000000867145,0.3300000000600478,0.3300000000498138,0.3300000000493041,0.33000000004920776,0.33000000004918795,0.33000000004918373,0.33000000004918273,0.3300000000491826,0.33000000004918245,0.3300000000491825,15.0,0.0,16.0,97.17,-999.0,0.0,0.0,3.8,0.0,1.7623484932836492e-07,0.0,0.0,1.9646841013611815,1.9646841013611815,0.02593928626890868,0.02593928626890868,15.0,0.0,16.0,9.995000000000001,207.18000000000004,0.3391095610957824,0.00771911306303058,0.00771911306303058,0.545408738281652,0.545408738281652,0.0,0.0,0.0,,,,,,
16.0,1.0,17.0,0.15384804901647492,0.33000000002175445,0.33000000001506447,0.330000000012497,0.33000000001236907,0.3300000000123449,0.3300000000123399,0.33000000001233887,0.3300000000123387,0.3300000000123386,0.3300000000123386,0.3300000000123386,16.0,0.0,17.0,97.88,-999.0,0.0,0.0,0.0,0.0,4.421267214894543e-08,0.0,0.0,2.528633015831638,3.521436437534549,0.05279700303771448,0.05279700303771447,16.0,0.0,17.0,7.799999999999999,214.98000000000005,0.3496561567597277,0.008755389636727081,0.008755389636727081,0.873899855981878,0.873899855981878,0.0,0.0,0.0,,,,,,
17.0,1.0,18.0,0.13823953044779258,0.33000000000545765,0.3300000000037793,0.3300000000031351,0.33000000000310314,0.3300000000030971,0.33000000000309576,0.33000000000309554,0.33000000000309554,0.33000000000309543,0.33000000000309543,0.33000000000309543,17.0,0.0,18.0,99.61999999999999,-999.0,0.0,0.0,0.0,0.0,1.1091764988888859e-08,0.0,0.0,1.4881422711783279,4.271234744192642,0.0727095856899167,0.0727095856899167,17.0,0.0,18.0,8.54,223.52000000000004,0.35981837427370766,0.009927503322069722,0.009927503322069722,1.2461135055104036,1.2461135055104036,0.0,0.0,0.0,,,,,,
18.0,1.0,19.0,0.12862453902019413,0.3292760714862213,0.3300000000009482,0.33000000000078655,0.33000000000077856,0.330000000000777,0.33000000000077667,0.3300000000007766,0.3300000000007766,0.3300000000007766,0.3300000000007766,0.3300000000007766,18.0,0.0,19.0,101.88999999999999,-999.0,0.0,0.0,0.4,0.0,2.7826256951453248e-09,0.0,0.0,1.3614991427598604,3.7435560770297,0.07239285151479104,0.07239285151479104,18.0,0.0,19.0,12.105,235.62500000000003,0.3696467947348001,0.01126025218116158,0.01126025218116158,1.6679692133683068,1.6679692133683068,0.0,0.0,0.0,,,,,,
19.0,1.0,20.0,0.11904357760520912,0.3283621445100593,0.33000000000023794,0.33000000000019736,0.33000000000019536,0.33000000000019497,0.3300000000001948,0.33000000000019475,0.33000000000019475,0.33000000000019475,0.33000000000019475,0.33000000000019475,19.0,0.0,20.0,104.14000000000001,-999.0,0.0,0.0,0.3,0.0,5.955784519351928e-10,0.0,0.0,1.258096141498511,4.164280372256081,0.09139269761620065,0.09139269761620065,19.0,0.0,20.0,15.07,250.69500000000002,0.37918138557592973,0.012757346648338896,0.012757346648338896,2.145496565351884,2.145496565351884,0.0,0.0,0.0,,,,,,
20.0,1.0,21.0,0.10808495480503691,0.3270725103508773,0.33000000000005963,0.3300000000000495,0.330000000000049,0.3300000000000489,0.3300000000000489,0.33000000000004887,0.33000000000004887,0.33000000000004887,0.33000000000004887,0.33000000000004887,20.0,0.0,21.0,106.22000000000001,-999.0,0.0,0.0,0.0,0.0,1.493894728900982e-10,0.0,0.0,1.0958622800172326,5.193164164879625,0.12896341591819865,0.12896341591819865,20.0,0.0,21.0,17.8,268.495,0.38845442239787387,0.014407797814050733,0.014407797814050733,2.684285772125027,2.684285772125027,0.0,0.0,0.0,,,,,,
21.0,1.0,22.0,0.10159623570745717,0.3259873209786334,0.33000000000001506,0.3300000000000124,0.3300000000000124,0.33000000000001234,0.33000000000001234,0.3300000000000123,0.3300000000000123,0.3300000000000123,0.3300000000000123,0.3300000000000123,21.0,0.0,22.0,108.76,-999.0,0.0,0.0,0.3,0.0,3.74430134144985e-11,0.0,0.0,0.948871909757983,3.8499054768591536,0.1085189372243912,0.1085189372243912,21.0,0.0,22.0,19.11,287.605,0.3974924441399631,0.01631779903385284,0.01631779903385284,3.2938237247275257,3.2938237247275257,0.0,0.0,0.0,,,,,,
22.0,1.0,23.0,0.09760063553448692,0.3250926579705286,0.33000000000000373,0.33000000000000307,0.33000000000000307,0.330000000000003,0.330000000000003,0.3300000000000031,0.3300000000000031,0.3300000000000031,0.3300000000000031,0.3300000000000031,22.0,0.0,23.0,111.57,-999.0,0.0,0.0,0.4,0.0,9.431447625953201e-12,0.0,0.0,0.7995600172970297,2.791234738407559,0.08946630081048258,0.08946630081048258,22.0,0.0,23.0,15.96,303.565,0.4063176075360935,0.01850843320840012,0.01850843320840012,3.9843113669469172,3.9843113669469172,0.0,0.0,0.0,,,,,,
23.0,1.0,24.0,0.09731087464396687,0.3240058683620064,0.3300000000000009,0.33000000000000074,0.33000000000000074,0.3300000000000007,0.3300000000000007,0.3300000000000008,0.3300000000000008,0.3300000000000008,0.3300000000000008,0.3300000000000008,23.0,0.0,24.0,111.42999999999999,-999.0,0.0,0.0,2.8,0.0,2.3786543395261157e-12,0.0,0.0,2.828976089052029,2.980743129849059,0.10867896085221927,0.10867896085221927,23.0,0.0,24.0,11.69,315.255,0.41494865310259754,0.020993155947020208,0.020993155947020208,4.766365612703678,4.766365612703678,0.0,0.0,0.0,,,,,,
24.0,1.0,25.0,0.09064956205204273,0.32193459331080515,0.33000000000000024,0.33000000000000024,0.33000000000000024,0.3300000000000002,0.3300000000000002,0.3300000000000001,0.3300000000000001,0.3300000000000001,0.3300000000000001,0.3300000000000001,24.0,0.0,25.0,113.85,-999.0,0.0,0.0,0.6,0.0,5.988220714890919e-13,0.0,0.0,1.266131259192423,5.014865211650562,0.20712750512012307,0.20712750512012307,24.0,0.0,25.0,13.915,329.17,0.42340161134067267,0.023706503354661682,0.023706503354661682,5.648108338050534,5.648108338050534,0.0,0.0,0.0,,,,,,
25.0,1.0,26.0,0.08395550708137428,0.31959223334058817,0.33000000000000007,0.33000000000000007,0.33000000000000007,0.33,0.33,0.33000000000000007,0.33000000000000007,0.33000000000000007,0.33000000000000007,0.33000000000000007,25.0,0.0,26.0,116.26,-999.0,0.0,0.0,0.0,0.0,1.1100290352339087e-13,0.0,0.0,0.6694054970668504,5.009363131688242,0.23423599702169587,0.23423599702169587,25.0,0.0,26.0,14.985,344.15500000000003,0.43169033015422753,0.026743921080427585,0.026743921080427585,6.64107113992318,6.64107113992318,0.0,0.0,0.0,,,,,,
26.0,1.0,27.0,0.07759086233543182,0.31674395868615796,0.33000000000000007,0.33000000000000007,0.33000000000000007,0.33,0.33,0.33000000000000007,0.33000000000000007,0.33000000000000007,0.33000000000000007,0.33000000000000007,26.0,0.0,27.0,118.63000000000001,-999.0,0.0,0.0,0.0,0.0,0.0,0.0,0.0,0.6364644745942524,5.387037125985445,0.28482746544301935,0.28482746544301935,26.0,0.0,27.0,15.475000000000001,359.63000000000005,0.439826876137143,0.030121333311997813,0.030121333311997813,7.757239955043223,7.757239955043223,0.0,0.0,0.0,,,,,,
27.0,1.0,28.0,0.07172679317121726,0.31339230419813713,0.33000000000000007,0.33000000000000007,0.33000000000000007,0.33,0.33,0.33000000000000007,0.33000000000000007,0.33000000000000007,0.33000000000000007,0.33000000000000007,27.0,0.0,28.0,121.00999999999999,-999.0,0.0,0.0,0.0,0.0,0.0,0.0,0.0,0.5864069164214631,5.610968285693277,0.33516544880208426,0.33516544880208426,27.0,0.0,28.0,17.555,377.18500000000006,0.447821844926249,0.033880708753708626,0.033880708753708626,9.009976358664723,9.009976358664723,0.0,0.0,0.0,,,,,,
28.0,1.0,29.0,0.06625785971541491,0.30940887476680407,0.33000000000000007,0.33000000000000007,0.33000000000000007,0.33,0.33,0.33000000000000007,0.33000000000000007,0.33000000000000007,0.33000000000000007,0.33000000000000007,28.0,0.0,29.0,123.36999999999999,-999.0,0.0,0.0,0.0,0.0,0.0,0.0,0.0,0.5468933455802413,5.909873517632221,0.3983429431333073,0.3983429431333073,28.0,0.0,29.0,17.63,394.81500000000005,0.4556846047295003,0.03804398470115841,0.03804398470115841,10.413251901917498,10.413251901917498,0.0,0.0,0.0,,,,,,
29.0,1.0,30.0,0.065,0.3025957778884041,0.33000000000000007,0.33000000000000007,0.33000000000000007,0.33,0.33,0.33000000000000007,0.33000000000000007,0.33000000000000007,0.33000000000000007,0.33000000000000007,29.0,0.0,30.0,122.56,-999.0,0.0,0.0,0.0,0.0,0.0,0.0,0.0,0.42092915599706554,5.064226747049984,0.3861665033844411,0.3861665033844411,29.0,0.0,30.0,15.645,410.46000000000004,0.46342348990537285,0.04279894092197206,0.04279894092197206,11.987563315795963,11.987563315795963,0.0,0.0,0.0,,,,,,
30.0,1.0,31.0,0.065,0.29328821106817665,0.33000000000000007,0.33000000000000007,0.33000000000000007,0.33,0.33,0.33000000000000007,0.33000000000000007,0.33000000000000007,0.33000000000000007,0.33000000000000007,30.0,0.0,31.0,124.93,-999.0,0.0,0.0,0.0,0.0,0.0,0.0,0.0,0.44058499842610427,5.695711516137197,0.4901716835966577,0.4901716835966577,30.0,0.0,31.0,15.075,425.535,0.4710459566359525,0.04800572051773631,0.04800572051773631,13.748069460238069,13.748069460238069,0.0,0.0,0.0,,,,,,
31.0,1.0,32.0,0.065,0.2848110510842861,0.33000000000000007,0.33000000000000007,0.33000000000000007,0.33,0.33,0.33000000000000007,0.33000000000000007,0.33000000000000007,0.33000000000000007,0.33000000000000007,31.0,0.0,32.0,127.38,-999.0,0.0,0.0,0.0,0.0,0.0,0.0,0.0,0.3648291566388114,4.955102126566562,0.48288684175027363,0.48288684175027363,31.0,0.0,32.0,17.57,443.105,0.47855870943666845,0.05397573590289204,0.05397573590289204,15.720664302877651,15.720664302877651,0.0,0.0,0.0,,,,,,
32.0,1.0,33.0,0.065,0.2750733651807598,0.33000000000000007,0.33000000000000007,0.33000000000000007,0.33,0.33,0.33000000000000007,0.33000000000000007,0.33000000000000007,0.33000000000000007,0.33000000000000007,32.0,0.0,33.0,129.71,-999.0,0.0,0.0,0.0,0.0,0.0,0.0,0.0,0.38285041766999917,5.362502289271079,0.5909181726826584,0.5909181726826583,32.0,0.0,33.0,16.935,460.04,0.4859678049497167,0.060554260199516305,0.060554260199516305,17.92524388314311,17.92524388314311,0.0,0.0,0.0,,,,,,
33.0,1.0,34.0,0.065,0.2653885792763953,0.33000000000000007,0.33000000000000007,0.33000000000000007,0.33,0.33,0.33000000000000007,0.33000000000000007,0.33000000000000007,0.33000000000000007,0.33000000000000007,33.0,0.0,34.0,128.73999999999998,-999.0,0.0,0.0,0.2,0.0,0.0,0.0,0.0,0.5352094220416832,5.077536399660246,0.6332691683947993,0.6332691683947993,33.0,0.0,34.0,17.1,477.14000000000004,0.4932787378427623,0.06792978439776752,0.06792978439776752,20.387780639046934,20.387780639046934,0.0,0.0,0.0,,,,,,
34.0,1.0,35.0,0.065,0.2559092072487003,0.33000000000000007,0.33000000000000007,0.33000000000000007,0.33,0.33,0.33000000000000007,0.33000000000000007,0.33000000000000007,0.33000000000000007,0.33000000000000007,34.0,0.0,35.0,131.09,-999.0,0.0,0.0,0.0,0.0,0.0,0.0,0.0,0.3013463439317642,4.569021291659196,0.646590858837751,0.646590858837751,34.0,0.0,35.0,19.155,496.2950000000001,0.5004965124655104,0.0762991071014135,0.0762991071014135,23.140320847192246,23.140320847192246,0.0,0.0,0.0,,,,,,
35.0,1.0,36.0,0.065,0.24610402806774628,0.33000000000000007,0.33000000000000007,0.33000000000000007,0.33,0.33,0.33000000000000007,0.33000000000000007,0.33000000000000007,0.33000000000000007,0.33000000000000007,35.0,0.0,36.0,133.41000000000003,-999.0,0.0,0.0,0.0,0.0,0.0,0.0,0.0,0.27636204464609954,4.3786204908832795,0.7041558734493134,0.7041558734493133,35.0,0.0,36.0,18.045,514.34,0.5076257030638663,0.08571195985911857,0.08571195985911857,26.215607022915556,26.215607022915556,0.0,0.0,0.0,,,,,,
36.0,1.0,37.0,0.065,0.2332844858174648,0.33000000000000007,0.33000000000000007,0.33000000000000007,0.33,0.33,0.33000000000000007,0.33000000000000007,0.33000000000000007,0.33000000000000007,0.33000000000000007,36.0,0.0,37.0,132.13,-999.0,0.0,0.0,0.0,0.0,0.0,0.0,0.0,0.3183268544524567,5.303381728364761,0.9636273705757208,0.9636273705757208,36.0,0.0,37.0,18.685,533.025,0.5146705047209658,0.09565996075540222,0.09588019748058359,29.628091933420635,29.635512091723847,0.0,0.0,0.0,,,,,,
37.0,1.0,38.0,0.065,0.22022028393098886,0.33000000000000007,0.33000000000000007,0.33000000000000007,0.33,0.33,0.33000000000000007,0.33000000000000007,0.33000000000000007,0.33000000000000007,0.33000000000000007,37.0,0.0,38.0,134.12,-999.0,0.0,0.0,0.0,0.0,0.0,0.0,0.0,0.2787887084819635,4.99644834342211,1.0276314801656583,1.0276314801656583,37.0,0.0,38.0,18.31,551.3349999999999,0.5216347767226748,0.1067876416844681,0.10875193568667153,33.41306484997793,33.48572660480132,0.0,0.0,0.0,,,,,,
38.0,1.0,39.0,0.065,0.20822167007121306,0.33000000000000007,0.33000000000000007,0.33000000000000007,0.33,0.33,0.33000000000000007,0.33000000000000007,0.33000000000000007,0.33000000000000007,0.33000000000000007,38.0,0.0,39.0,136.22,-999.0,0.0,0.0,0.2,0.0,0.0,0.0,0.0,0.4074423175082507,4.240172003950848,0.9924190684693566,0.9924190684693565,38.0,0.0,39.0,19.494999999999997,570.8299999999999,0.5285220796883059,0.11957679396138779,0.12335168080972074,37.620083546459064,37.81609061846414,0.0,0.0,0.0,,,,,,
39.0,1.0,40.0,0.065,0.19183475365385755,0.33000000000000007,0.33000000000000007,0.33000000000000007,0.33,0.33,0.33000000000000007,0.33000000000000007,0.33000000000000007,0.33000000000000007,0.33000000000000007,39.0,0.0,40.0,137.88,-999.0,0.0,0.0,0.0,0.0,0.0,0.0,0.0,0.24707844692754266,5.265181980052903,1.3916131948080528,1.3916131948080526,39.0,0.0,40.0,19.814999999999998,590.645,0.535335707534529,0.1327742850453281,0.13991141456480796,42.255914251822816,42.681012985279686,0.0,0.0,0.0,,,,,,
40.0,1.0,41.0,0.065,0.17693255786950676,0.33000000000000007,0.33000000000000007,0.33000000000000007,0.33,0.33,0.33000000000000007,0.33000000000000007,0.33000000000000007,0.33000000000000007,0.33000000000000007,40.0,0.0,41.0,136.39,-999.0,0.0,0.0,0.2,0.0,0.0,0.0,0.0,0.37179945697877786,4.393437743277078,1.318420121456307,1.318420121456307,40.0,0.0,41.0,19.995,610.64,0.5420787151299455,0.1478352948712198,0.15869426178084903,47.37289543654522,48.13954529957062,0.0,0.0,0.0,,,,,,
41.0,1.0,42.0,0.065,0.16220042802504653,0.33000000000000007,0.33000000000000007,0.33000000000000007,0.33,0.33,0.33000000000000007,0.33000000000000007,0.33000000000000007,0.33000000000000007,0.33000000000000007,41.0,0.0,42.0,138.22,-999.0,0.0,0.0,0.0,0.0,0.0,0.0,0.0,0.1409213160394866,3.895364795404812,1.3322916684065458,1.3322916684065456,41.0,0.0,42.0,20.52,631.16,0.5487539423338926,0.16477301696563823,0.17999867130571606,53.020686915196606,54.255342734865266,0.0,0.0,0.0,,,,,,
42.0,1.0,43.0,0.065,0.1409089863176866,0.33000000000000007,0.33000000000000007,0.33000000000000007,0.33,0.33,0.33000000000000007,0.33000000000000007,0.33000000000000007,0.33000000000000007,0.33000000000000007,42.0,0.0,43.0,139.39000000000001,-999.0,0.0,0.0,0.0,0.0,0.0,0.0,0.0,0.16920107662838127,5.095600501737353,1.9599430941076232,1.9599430941076232,42.0,0.0,43.0,19.72,650.88,0.5553640349843486,0.18125293014843213,0.204163158190091,59.174656075553955,61.09647580962243,0.0,0.0,0.0,,,,,,
43.0,1.0,44.0,0.065,0.12652836988963492,0.3217961080362173,0.33000000000000007,0.33000000000000007,0.33,0.33,0.33000000000000007,0.33000000000000007,0.33000000000000007,0.33000000000000007,0.33000000000000007,43.0,0.0,44.0,137.13,-999.0,0.0,0.0,0.0,0.0,0.0,0.0,0.0,0.14456722804307465,4.906424923094023,2.1138836111403942,2.1138836111403942,43.0,0.0,44.0,18.805,669.685,0.5619114632979982,0.19834377208927,0.23157168250068338,65.84304256650704,68.73505298223492,0.0,0.0,0.0,,,,,,
44.0,1.0,45.0,0.065,0.12533550927190215,0.30058015640371016,0.33000000000000007,0.33000000000000007,0.33,0.33,0.33000000000000007,0.33000000000000007,0.33000000000000007,0.33000000000000007,0.33000000000000007,44.0,0.0,45.0,138.19,-999.0,0.0,0.0,0.0,0.0,0.0,0.0,0.0,0.11928606177328945,4.3816014069965,2.1215951632507113,2.1215951632507113,44.0,0.0,45.0,17.505000000000003,687.1899999999999,0.5683985380643489,0.21714956151738118,0.26265975022911847,73.06531376850731,77.24661253652454,0.0,0.0,0.0,,,,,,
45.0,1.0,46.0,0.065,0.12431734220133915,0.27958282048936417,0.33000000000000007,0.33000000000000007,0.33,0.33,0.33000000000000007,0.33000000000000007,0.33000000000000007,0.33000000000000007,0.33000000000000007,45.0,0.0,46.0,135.99,-999.0,0.0,0.0,0.0,0.0,0.0,0.0,0.0,0.10181670705631887,3.8537803868664158,2.099733591434598,2.099733591434598,45.0,0.0,46.0,17.8,704.9899999999999,0.5748274249506659,0.23740215061650663,0.29792133323649916,80.87013602812057,86.70924616960899,0.0,0.0,0.0,,,,,,
46.0,1.0,47.0,0.065,0.12333105508296738,0.2559660332829419,0.33000000000000007,0.33000000000000007,0.33,0.33,0.33000000000000007,0.33000000000000007,0.33000000000000007,0.33000000000000007,0.33000000000000007,46.0,0.0,47.0,136.83,-999.0,0.0,0.0,0.0,0.0,0.0,0.0,0.0,0.09862871183718912,3.8740320776146397,2.3616787206422276,2.361678720642227,46.0,0.0,47.0,19.395000000000003,724.3849999999999,0.5812001571818888,0.2578291123977496,0.33791671818765623,89.2482001836797,97.20243040401903,0.0,0.0,0.0,,,,,,
47.0,1.0,48.0,0.065,0.12239445015512157,0.22995814848866197,0.33000000000000007,0.33000000000000007,0.33,0.33,0.33000000000000007,0.33000000000000007,0.33000000000000007,0.33000000000000007,0.33000000000000007,47.0,0.0,48.0,137.44,-999.0,0.0,0.0,0.0,0.0,0.0,0.0,0.0,0.09366049278458653,3.8404506854157043,2.600788479427991,2.600788479427991,47.0,0.0,48.0,20.314999999999998,744.6999999999998,0.5875186468169455,0.2779391191159042,0.38328140919022446,98.17688430497537,108.80557235437558,0.0,0.0,0.0,,,,,,
48.0,1.0,49.0,0.065,0.12181614794820646,0.20511642849713677,0.33000000000000007,0.33000000000000007,0.33,0.33,0.33000000000000007,0.33000000000000007,0.33000000000000007,0.33000000000000007,0.33000000000000007,48.0,0.0,49.0,134.89,-999.0,0.0,0.0,0.8,0.0,0.0,0.0,0.0,0.8578302206915223,3.287760319795409,2.4841719991525215,2.4841719991525215,48.0,0.0,49.0,21.435000000000002,766.1349999999998,0.5937846948079418,0.29985477116666853,0.43473622559646025,107.69049685754904,121.59633433991046,0.0,0.0,0.0,,,,,,
49.0,1.0,50.0,0.065,0.12117350074285442,0.17584996531517277,0.33000000000000007,0.33000000000000007,0.33,0.33,0.33000000000000007,0.33000000000000007,0.33000000000000007,0.33000000000000007,0.33000000000000007,49.0,0.0,50.0,135.2,-999.0,0.0,0.0,0.6,0.0,0.0,0.0,0.0,0.6642647205352119,3.542861718287013,2.926646318196398,2.926646318196398,49.0,0.0,50.0,21.7,787.8349999999998,0.6,0.3183962818837781,0.4894703043399831,117.68695739177814,135.5729592346072,0.0,0.0,0.0,,,,,,
50.0,1.0,51.0,0.065,0.12066367611987078,0.14647977283184685,0.32877046231991813,0.33000000000000007,0.33,0.33,0.33000000000000007,0.33000000000000007,0.33000000000000007,0.33000000000000007,0.33000000000000007,50.0,0.0,51.0,132.1,-999.0,0.0,0.0,0.9,0.0,0.0,0.0,0.0,0.9509824622983867,3.451599250467241,3.059973016340786,3.059973016340786,50.0,0.0,51.0,22.5,810.3349999999998,0.6,0.3334956790570468,0.5382494411525389,128.0686713273749,150.54429425293216,0.015366290150903902,0.015522256011505827,0.01987914703396909,,,,,,
51.0,1.0,52.0,0.065,0.12024679620214294,0.12998545282087343,0.321479249377876,0.33000000000000007,0.33,0.33,0.33000000000000007,0.33000000000000007,0.33000000000000007,0.33000000000000007,0.33000000000000007,51.0,0.0,52.0,129.67000000000002,-999.0,0.0,0.0,0.1,0.0,0.0,0.0,0.0,0.14168799177279243,2.4709125010887285,2.3785532953015567,2.3785532953015567,51.0,0.0,52.0,21.84,832.1749999999998,0.6,0.3515211177871354,0.5812551425314569,138.90114488693854,166.34783793628282,0.01710030704930393,0.017273872957490628,0.023993607304269752,,,,,,
52.0,1.0,53.0,0.065,0.12022776966411765,0.12998545282087343,0.29547924937787595,0.32621623219158125,0.33,0.33,0.33000000000000007,0.33000000000000007,0.33000000000000007,0.33000000000000007,0.33000000000000007,52.0,0.0,53.0,126.69,-999.0,0.0,0.0,2.8,0.0,0.0,0.0,0.0,2.8019026538025367,2.9183801813085095,2.97837678084188,2.97837678084188,52.0,0.0,53.0,20.105,852.2799999999999,0.6,0.36457400721875405,0.6191707448144514,150.05393678057396,182.85291012087234,0.01902553952447823,0.019217434094272186,0.028836516406667654,,,,,,
53.0,1.0,54.0,0.065,0.11970471754024273,0.12998545282087343,0.26947924937787593,0.3206351379590537,0.33,0.33,0.33000000000000007,0.33000000000000007,0.33000000000000007,0.33000000000000007,0.33000000000000007,53.0,0.0,54.0,123.48,-999.0,0.0,0.0,0.0,0.0,0.0,0.0,0.0,0.052305212387505226,3.264262276870999,3.158109423252755,3.3313695844972138,53.0,0.0,54.0,19.21,871.4899999999999,0.6,0.36457400721875405,0.6525987055356537,160.62668660058014,199.9532584683708,0.021162016519462805,0.021362608946385652,0.03431405092201838,,,,,,
54.0,1.0,55.0,0.065,0.11911609894452874,0.12998545282087343,0.24347924937787593,0.31481695611420124,0.33,0.33,0.33000000000000007,0.33000000000000007,0.33000000000000007,0.33000000000000007,0.33000000000000007,54.0,0.0,55.0,120.24000000000001,-999.0,0.0,0.0,0.0,0.0,0.0,0.0,0.0,0.05886185957142039,3.6966148963241117,3.181818184485246,3.7726105890663812,54.0,0.0,55.0,19.77,891.2599999999999,0.6,0.36457400721875405,0.6820701761360147,170.03294659406933,217.56160710597976,0.023531615683074866,0.02372807342189446,0.04034554240925137,,,,,,
55.0,1.0,56.0,0.065,0.11859420148345975,0.12998545282087343,0.21747924937787594,0.31319790428438543,0.33,0.33,0.33000000000000007,0.33000000000000007,0.33000000000000007,0.33000000000000007,0.33000000000000007,55.0,0.0,56.0,117.43,-999.0,0.0,0.0,0.0,0.0,0.0,0.0,0.0,0.05218974610691012,3.3074975388163104,2.7619051829815815,3.375493684954131,55.0,0.0,56.0,19.52,910.7799999999999,0.6,0.36457400721875405,0.7080534416601072,179.158412854915,235.6055982916666,0.02615817478524664,0.02634993084429975,0.04720811788901513,,,,,,
56.0,1.0,57.0,0.065,0.11802466916124928,0.12998545282087343,0.19147924937787594,0.31188637366565897,0.33,0.33,0.33000000000000007,0.33000000000000007,0.33000000000000007,0.33000000000000007,0.33000000000000007,56.0,0.0,57.0,114.64,-999.0,0.0,0.0,0.0,0.0,0.0,0.0,0.0,0.05695323222106158,3.6373116297223773,2.7311530618726474,3.71161696512098,56.0,0.0,57.0,21.735,932.5149999999999,0.6,0.3645563427297988,0.7309613615413507,187.36435964590032,254.0247397765631,0.029067594856490252,0.02923969355857689,0.054784764598451156,,,,,,
57.0,1.0,58.0,0.065,0.11753249265762991,0.12998545282087343,0.16819990555760833,0.31188637366565897,0.33,0.33,0.33000000000000007,0.33000000000000007,0.33000000000000007,0.33000000000000007,0.33000000000000007,57.0,0.0,58.0,112.26,-999.0,0.0,0.0,0.0,0.0,0.0,0.0,0.0,0.04921765036195873,3.1618816554385005,2.3279343820267604,3.2259006791491385,57.0,0.0,58.0,19.165,951.6799999999998,0.6,0.3645315888124942,0.7511579297055366,195.41096291551838,272.76808351661896,0.03228793021586766,0.032439554313713724,0.06339044544993057,,,,,,
58.0,1.0,59.0,0.065,0.11704502620267085,0.12998545282087343,0.14736933060526503,0.3109821158156835,0.33,0.33,0.33000000000000007,0.33000000000000007,0.33000000000000007,0.33000000000000007,0.33000000000000007,58.0,0.0,59.0,110.03999999999999,-999.0,0.0,0.0,0.0,0.0,0.0,0.0,0.0,0.04874664549592217,3.1569256507968175,2.173483280231874,3.2193880588498285,58.0,0.0,59.0,19.545,971.2249999999998,0.6,0.36446866469657163,0.7689640582289992,202.9365637194857,291.79244050448017,0.03584945946654864,0.0359691593626186,0.07299457600928384,,,,,,
59.0,1.0,60.0,0.065,0.11703749364211659,0.12998545282087343,0.13427214002094304,0.3050309975479919,0.33,0.33,0.33000000000000007,0.33000000000000007,0.33000000000000007,0.33000000000000007,0.33000000000000007,59.0,0.0,60.0,108.13,-999.0,0.0,0.0,2.8,0.0,0.0,0.0,0.0,2.8007532560554433,2.8489911672572057,1.9048308852013598,2.9047442817313205,59.0,0.0,60.0,20.67,991.8949999999998,0.6,0.3644391371226912,0.7846626764504998,210.24532083740039,311.0609920636791,0.03978473032676903,0.039866999485104984,0.08381850097570374,,,,,,
60.0,1.0,61.0,0.12824139206905838,0.11703749364211659,0.12998545282087343,0.13022167051581596,0.2956315276632497,0.33,0.33,0.33000000000000007,0.33000000000000007,0.33000000000000007,0.33000000000000007,0.33000000000000007,60.0,0.0,61.0,113.1,-999.0,0.0,0.0,7.8,0.0,0.0,0.0,0.0,1.4758607930941665,1.4758607930941665,1.34499393898693,1.5047176210204598,60.0,0.0,61.0,18.735,1010.6299999999998,0.6,0.3644368333811076,0.7985032265588345,220.2075241574278,330.5421971105954,0.04412856984578441,0.044227910203712376,0.09739318604616541,,,,,,
61.0,1.0,62.0,0.10737380113809827,0.11703749364211659,0.12998545282087343,0.12999516030010688,0.28002627772580546,0.33,0.33,0.33000000000000007,0.33000000000000007,0.33000000000000007,0.33000000000000007,0.33000000000000007,61.0,0.0,62.0,109.44,-999.0,0.0,0.0,0.0,0.0,0.0,0.0,0.0,2.086759093096011,2.086759093096011,1.5831760153153276,2.127525300202252,61.0,0.0,62.0,17.975,1028.6049999999998,0.6,0.3644345293505156,0.8107056270885171,228.501057938893,350.2089225949577,0.04891805016494679,0.049005039034647986,0.11197703263753812,,,,,,
62.0,1.0,63.0,0.07768760515456562,0.11703749364211659,0.12998545282087343,0.12999516030010688,0.2626516939026604,0.33,0.33,0.33000000000000007,0.33000000000000007,0.33000000000000007,0.33000000000000007,0.33000000000000007,62.0,0.0,63.0,104.74,-999.0,0.0,0.0,0.0,0.0,0.0,0.0,0.0,2.9686195983532664,2.9686195983532664,1.737458382314505,3.0244595585574583,62.0,0.0,63.0,19.185000000000002,1047.7899999999997,0.6,0.36433549260171316,0.8214637673012483,234.90046574960522,370.0377440133679,0.05419239858091227,0.054206999789139405,0.127332494973576,,,,,,
63.0,1.0,64.0,0.07710283405288129,0.11703749364211659,0.12998545282087343,0.12999516030010688,0.24526059836566677,0.33,0.33,0.33000000000000007,0.33000000000000007,0.33000000000000007,0.33000000000000007,0.33000000000000007,63.0,0.0,64.0,102.94,-999.0,0.0,0.0,0.1,0.0,0.0,0.0,0.0,0.1584771101684399,3.30007545889415,1.7391095536993646,3.3569352074746868,63.0,0.0,64.0,20.39,1068.1799999999998,0.6,0.3641196152308758,0.830948587976922,240.66540621518467,390.00837694237026,0.059992839336464494,0.05990031046652683,0.14415932550842359,,,,,,
64.0,1.0,65.0,0.07669908554714937,0.11703749364211659,0.12998545282087343,0.12999516030010688,0.23202699458825607,0.33,0.33,0.33000000000000007,0.33000000000000007,0.33000000000000007,0.33000000000000007,0.33000000000000007,64.0,0.0,65.0,101.57,-999.0,0.0,0.0,0.2,0.0,0.0,0.0,0.0,0.24037485057319713,2.424690256392433,1.3233603777410714,2.4631380628585107,64.0,0.0,65.0,19.785,1087.965,0.6,0.36393183760106923,0.8393107975661989,246.63847937717628,410.103210623264,0.06636235342317938,0.06616704272526261,0.16319338802643424,,,,,,
65.0,1.0,66.0,0.07653267133491122,0.11703749364211659,0.12998545282087343,0.12999516030010688,0.2181806085905494,0.33,0.33,0.33000000000000007,0.33000000000000007,0.33000000000000007,0.33000000000000007,0.33000000000000007,65.0,0.0,66.0,100.17,-999.0,0.0,0.0,1.9,0.0,0.0,0.0,0.0,1.9166414212238212,2.821148195664623,1.3846385997706658,2.8614723696665387,65.0,0.0,66.0,18.810000000000002,1106.7749999999999,0.6,0.3637178121253536,0.8466832668627815,252.0124641543812,430.3069219130435,0.073345341886261,0.07300412767078296,0.1839795010775506,,,,,,
66.0,1.0,67.0,0.2655358644622616,0.11703749364211659,0.12998545282087343,0.12999516030010688,0.2181806085905494,0.33,0.33,0.33000000000000007,0.33000000000000007,0.33000000000000007,0.33000000000000007,0.33000000000000007,66.0,0.0,67.0,119.07,-999.0,0.0,25.0,25.0,0.0,0.0,0.0,0.0,2.7027987103799918,2.7027987103799918,3.396881976884977,3.396881976884977,66.0,0.0,67.0,18.12,1124.8949999999998,0.6,0.41254625200749606,0.8531831402453801,264.3000445036182,450.6061532085645,0.08098717787393381,0.0806703513525083,0.2132117745259046,,,,,,
67.0,1.0,68.0,0.19007781938600476,0.11703749364211659,0.12998545282087343,0.12999516030010688,0.2181806085905494,0.33,0.33,0.33000000000000007,0.33000000000000007,0.33000000000000007,0.33000000000000007,0.33000000000000007,67.0,0.0,68.0,111.53,-999.0,0.0,0.0,0.0,0.0,0.0,0.0,0.0,2.986570760688004,2.986570760688004,4.559233746937683,4.559233746937683,67.0,0.0,68.0,20.42,1145.3149999999998,0.6,0.4588385511097887,0.8589136970358163,277.6224756680402,470.9892418256239,0.08933363321130344,0.08896512142784475,0.24698717258906072,,,,,,
68.0,1.0,69.0,0.1345458836127725,0.11703749364211659,0.12998545282087343,0.12999516030010688,0.2181806085905494,0.33,0.33,0.33000000000000007,0.33000000000000007,0.33000000000000007,0.33000000000000007,0.33000000000000007,68.0,0.0,69.0,105.97,-999.0,0.0,0.0,0.0,0.0,0.0,0.0,0.0,2.9829509449333687,2.9829509449333687,2.5702426323898586,4.55104327429794,68.0,0.0,69.0,21.439999999999998,1166.7549999999999,0.6,0.4587462273925687,0.8639659925491924,285.1437909910839,491.44599117335713,0.09843016687577254,0.09792857771189682,0.27923725895135226,,,,,,
69.0,1.0,70.0,0.11103178665716706,0.11703749364211659,0.12998545282087343,0.12999516030010688,0.20018060859054942,0.32579170802736324,0.33,0.33000000000000007,0.33000000000000007,0.33000000000000007,0.33000000000000007,0.33000000000000007,69.0,0.0,70.0,101.39999999999999,-999.0,0.0,0.0,0.0,0.0,0.0,0.0,0.0,2.351409695560557,3.1449323271353222,2.220829197263676,4.7895381739375695,69.0,0.0,70.0,23.575,1190.33,0.6,0.4584620674095458,0.8684203049114884,291.312318417365,511.96747619135465,0.10832106570227938,0.10759782972514499,0.3134457323390886,,,,,,
70.0,1.0,71.0,0.2829641944749349,0.11703749364211659,0.12998545282087343,0.12999516030010688,0.20018060859054942,0.32579170802736324,0.33,0.33000000000000007,0.33000000000000007,0.33000000000000007,0.33000000000000007,0.33000000000000007,70.0,0.0,71.0,118.6,-999.0,0.0,24.254000000000012,24.254000000000012,0.0,0.0,0.0,0.0,2.4295308603521937,2.4295308603521937,4.631228357871031,4.631228357871031,70.0,0.0,71.0,23.305,1213.635,0.6,0.5124243928208753,0.8723474106337039,305.7640175272849,532.5458771136676,0.11904843224119795,0.11833703809512071,0.3618320819024347,,,,,,
71.0,1.0,72.0,0.2881632434282229,0.11703749364211659,0.12998545282087343,0.12999516030010688,0.19718323870925872,0.32579170802736324,0.33,0.33000000000000007,0.33000000000000007,0.33000000000000007,0.33000000000000007,0.33000000000000007,71.0,0.0,72.0,118.82,-999.0,0.0,0.0,7.799221051904315,0.0007789480956846472,0.0,0.0,0.0,2.2793161565755193,2.2793161565755193,5.299736988129071,5.299736988129071,71.0,0.0,72.0,23.634999999999998,1237.27,0.6,0.5599987289275192,0.8758097092106966,321.1612546634788,553.1743368338848,0.1306510211761855,0.12995456652264015,0.4173637163365963,,,,,,
72.0,1.0,73.0,0.2651249687404275,0.11703749364211659,0.12998545282087343,0.12999516030010688,0.19718323870925872,0.32579170802736324,0.33,0.33000000000000007,0.33000000000000007,0.33000000000000007,0.33000000000000007,0.33000000000000007,72.0,0.0,73.0,116.51,-999.0,0.0,0.0,2.3,0.0,0.0,0.0,0.0,1.2170551113063497,1.2170551113063497,3.3867723574731947,3.3867723574731947,72.0,0.0,73.0,21.805,1259.075,0.6,0.60194099467058,0.8788622146139587,337.3511246040223,573.8468380713475,0.14316293423570897,0.14248502284072836,0.4806748269454952,,,,,,
73.0,1.0,74.0,0.20488514470364158,0.11703749364211659,0.12998545282087343,0.12999516030010688,0.19718323870925872,0.32579170802736324,0.33,0.33000000000000007,0.33000000000000007,0.33000000000000007,0.33000000000000007,0.33000000000000007,73.0,0.0,74.0,110.49,-999.0,0.0,0.0,0.0,0.0,0.0,0.0,0.0,1.2258873135329742,1.4902413908114303,4.79809509014564,4.79809509014564,73.0,0.0,74.0,19.93,1279.005,0.6,0.6347813598258865,0.881553429432595,354.13679662667226,594.558097254119,0.15661219409469168,0.15593285822428338,0.5522156290038877,,,,,,
74.0,1.0,75.0,0.15787195556428027,0.11703749364211659,0.12998545282087343,0.12999516030010688,0.19718323870925872,0.32579170802736324,0.33,0.33000000000000007,0.33000000000000007,0.33000000000000007,0.33000000000000007,0.33000000000000007,74.0,0.0,75.0,105.78999999999999,-999.0,0.0,0.0,0.0,0.0,0.0,0.0,0.0,0.2774400875524286,1.6758769965872484,4.423878826383746,5.395781675769318,74.0,0.0,75.0,20.54,1299.545,0.6,0.6347813598258865,0.883926115552104,367.898987817819,615.3034725928867,0.1710192301275476,0.1701564238518698,0.6260037610580269,,,,,,
75.0,1.0,76.0,0.12588391020516443,0.11703749364211659,0.12998545282087343,0.12999516030010688,0.19718323870925872,0.32579170802736324,0.33,0.33000000000000007,0.33000000000000007,0.33000000000000007,0.33000000000000007,0.33000000000000007,75.0,0.0,76.0,102.58999999999999,-999.0,0.0,0.0,0.2,0.0,0.0,0.0,0.0,0.33466698394390176,1.925903909639675,3.064137551967701,6.186548514674148,75.0,0.0,76.0,22.155,1321.7,0.6,0.6344048322679541,0.8860179736166207,376.20451398126824,636.0788842603541,0.18639532251011698,0.18524202056231392,0.6968888431455341,,,,,,
76.0,1.0,77.0,0.31866087823871386,0.11703749364211659,0.12998545282087343,0.12999516030010688,0.19718323870925872,0.32579170802736324,0.33,0.33000000000000007,0.33000000000000007,0.33000000000000007,0.33000000000000007,0.33000000000000007,76.0,0.0,77.0,121.86999999999999,-999.0,0.0,24.200000000000017,24.400000000000016,0.0,0.0,0.0,0.0,1.079543832005919,1.079543832005919,4.042759364639153,4.042759364639153,76.0,0.0,77.0,20.27,1341.97,0.6,0.6673316822664584,0.8878622420708859,393.56071636029077,656.8807449412903,0.20274106519713228,0.20159703348177946,0.7934067291319865,,,,,,
77.0,1.0,78.0,0.25635215295493435,0.11703749364211659,0.12998545282087343,0.12999516030010688,0.19404349960405493,0.32579170802736324,0.33,0.33000000000000007,0.33000000000000007,0.33000000000000007,0.33000000000000007,0.33000000000000007,77.0,0.0,78.0,115.32000000000001,-999.0,0.0,0.0,0.0,0.0,0.0,0.0,0.0,1.2308725283779516,1.2308725283779516,5.313973910520379,5.313973910520379,77.0,0.0,78.0,21.630000000000003,1363.6000000000001,0.6,0.6963583065318956,0.8894882253003857,411.4099941048034,677.7058993001818,0.2200449214815233,0.2189153472466348,0.9006396172018901,,,,,,
78.0,1.0,79.0,0.20322987078264204,0.11703749364211659,0.12998545282087343,0.12999516030010688,0.19228051220849704,0.32579170802736324,0.33,0.33000000000000007,0.33000000000000007,0.33000000000000007,0.33000000000000007,0.33000000000000007,78.0,0.0,79.0,109.83,-999.0,0.0,0.0,0.2,0.0,0.0,0.0,0.0,0.5122282172292675,1.073546604473441,5.176298739555788,5.176298739555788,78.0,0.0,79.0,20.47,1384.0700000000002,0.6,0.7177185320698155,0.8909217592615073,429.61325564451147,698.5515711419507,0.23828195660592122,0.23713551655287624,1.018765612952241,,,,,,
79.0,1.0,80.0,0.15205477168533205,0.11703749364211659,0.12998545282087343,0.12999516030010688,0.19037739443199103,0.32579170802736324,0.33,0.33000000000000007,0.33000000000000007,0.33000000000000007,0.33000000000000007,0.33000000000000007,79.0,0.0,80.0,104.52999999999999,-999.0,0.0,0.0,0.0,0.0,0.0,0.0,0.0,0.2226291764761423,1.3741396537260044,5.085192510905491,6.625662386631409,79.0,0.0,80.0,22.71,1406.7800000000002,0.6,0.7177185320698155,0.8921856220003138,443.58424961525014,719.4153172280995,0.25741283846823104,0.25596566325965986,1.1354233666430602,,,,,,
80.0,1.0,81.0,0.12443087767659194,0.11703749364211659,0.12998545282087343,0.12999516030010688,0.19037739443199103,0.32579170802736324,0.33,0.33000000000000007,0.33000000000000007,0.33000000000000007,0.33000000000000007,0.33000000000000007,80.0,0.0,81.0,101.76,-999.0,0.0,0.0,0.0,0.0,0.0,0.0,0.0,0.0700679423074181,1.0621280066058731,2.692321458566597,5.10414103137835,80.0,0.0,81.0,20.55,1427.3300000000002,0.6,0.7173654752477664,0.893299895582848,453.1689004827173,740.2949868647165,0.2773831980494512,0.2756062576375867,1.2489618473978168,,,,,,
81.0,1.0,82.0,0.12517660849321513,0.11703749364211659,0.12998545282087343,0.12999516030010688,0.18247961141314809,0.32579170802736324,0.33,0.33000000000000007,0.33000000000000007,0.33000000000000007,0.33000000000000007,0.33000000000000007,81.0,0.0,82.0,101.05,-999.0,0.0,0.0,1.9,0.0,0.0,0.0,0.0,0.7038488671701725,0.7038488671701725,1.911356353051803,3.3736102315942236,81.0,0.0,82.0,21.07,1448.4,0.6,0.7171231986066987,0.8942822851878348,463.4479164416333,761.1886865067236,0.2981234342538291,0.2960584452545946,1.3720766959819124,,,,,,
82.0,1.0,83.0,0.11328144025066159,0.11703749364211659,0.12998545282087343,0.12999516030010688,0.16618356454876657,0.3183461635711513,0.33,0.33000000000000007,0.33000000000000007,0.33000000000000007,0.33000000000000007,0.33000000000000007,82.0,0.0,83.0,97.48,-999.0,0.0,0.0,0.0,0.0,0.0,0.0,0.0,1.1895168242553558,1.1895168242553558,2.3741591320593463,5.676136435255013,82.0,0.0,83.0,20.21,1468.6100000000001,0.6,0.7166046527454759,0.8951484004319844,471.02005039017536,782.0947487297075,0.3195490324176165,0.31693076301809997,1.4928074396698217,,,,,,
83.0,1.0,84.0,0.23772219904544564,0.11703749364211659,0.12998545282087343,0.12999516030010688,0.16618356454876657,0.3183461635711513,0.33,0.33000000000000007,0.33000000000000007,0.33000000000000007,0.33000000000000007,0.33000000000000007,83.0,0.0,84.0,109.92,-999.0,0.0,18.302999999999972,18.302999999999972,0.0,0.0,0.0,0.0,0.915501724679166,0.915501724679166,4.943422395842398,4.943422395842398,83.0,0.0,84.0,21.0,1489.6100000000001,0.6,0.7391717819094595,0.8959120033979975,489.4969107464063,803.01170501064,0.3415614417173625,0.3389321466823995,1.659062387536824,,,,,,
84.0,1.0,85.0,0.2785469302664508,0.11703749364211659,0.12998545282087343,0.12999516030010688,0.16618356454876657,0.3183461635711513,0.33,0.33000000000000007,0.33000000000000007,0.33000000000000007,0.33000000000000007,0.33000000000000007,84.0,0.0,85.0,114.0,-999.0,0.0,0.0,6.7,0.0,0.0,0.0,0.0,0.37104968228414886,0.37104968228414886,2.246477195615339,2.2464771956153387,84.0,0.0,85.0,21.16,1510.7700000000002,0.6,0.7590552389714671,0.8965852273062968,508.2677793317621,823.9382618348656,0.3640495251037461,0.361418105577895,1.8369717793236902,,,,,,
85.0,1.0,86.0,0.30133423005599436,0.11703749364211659,0.12998545282087343,0.12999516030010688,0.16618356454876657,0.3183461635711513,0.33,0.33000000000000007,0.33000000000000007,0.33000000000000007,0.33000000000000007,0.33000000000000007,85.0,0.0,86.0,116.28,-999.0,0.0,0.0,6.2,0.0,0.0,0.0,0.0,0.5065689605936287,0.5065689605936287,3.4147010604520167,3.4147010604520167,85.0,0.0,86.0,15.45,1526.2200000000003,0.6,0.7765708402530456,0.8971787693050559,527.2892365683408,844.8732797113914,0.38689155840568357,0.3842674278233716,2.026200786550656,,,,,,
86.0,1.0,87.0,0.27019317741034304,0.11703749364211659,0.12998545282087343,0.12999516030010688,0.16618356454876657,0.3183461635711513,0.33,0.33000000000000007,0.33000000000000007,0.33000000000000007,0.33000000000000007,0.33000000000000007,86.0,0.0,87.0,113.17,-999.0,0.0,0.0,0.5,0.0,0.0,0.0,0.0,0.4274170908495457,0.4274170908495457,3.1866881737155865,3.1866881737155865,86.0,0.0,87.0,15.004999999999999,1541.2250000000004,0.6,0.7919967423265438,0.89770206044185,546.5242494921425,865.8157547336932,0.4099577161653495,0.4073506769918389,2.2262702302308095,,,,,,
87.0,1.0,88.0,0.21689873536321858,0.11703749364211659,0.12998545282087343,0.12999516030010688,0.16226965956045414,0.3183461635711513,0.33,0.33000000000000007,0.33000000000000007,0.33000000000000007,0.33000000000000007,0.33000000000000007,87.0,0.0,88.0,107.45,-999.0,0.0,0.0,0.0,0.0,0.0,0.0,0.0,0.3294442047124606,0.6639136996765485,5.391390498831244,5.391390498831244,87.0,0.0,88.0,19.33,1560.5550000000003,0.6,0.80432553000847,0.8981634155176825,565.9224835067141,886.7648023705347,0.43311294457615374,0.4305330529393983,2.436483345511919,,,,,,
88.0,1.0,89.0,0.1809688669607522,0.11703749364211659,0.12998545282087343,0.12999516030010688,0.16226965956045414,0.3183461635711513,0.33,0.33000000000000007,0.33000000000000007,0.33000000000000007,0.33000000000000007,0.33000000000000007,88.0,0.0,89.0,103.86,-999.0,0.0,0.0,0.1,0.0,0.0,0.0,0.0,0.1650980881603515,0.4220224532648861,3.527888752086306,3.527888752086306,88.0,0.0,89.0,21.345,1581.9000000000003,0.6,0.8084499721045898,0.898570165204483,585.3602579519742,907.7196432119513,0.45622009078896436,0.4535061734344482,2.6546449066440134,,,,,,
89.0,1.0,90.0,0.18866302629832882,0.11703749364211659,0.12998545282087343,0.12999516030010688,0.16226965956045414,0.3183461635711513,0.33,0.33000000000000007,0.33000000000000007,0.33000000000000007,0.33000000000000007,0.33000000000000007,89.0,0.0,90.0,104.63,-999.0,0.0,0.0,3.5,0.0,0.0,0.0,0.0,0.2821675326556483,0.2821675326556483,2.4484165335866916,2.4484165335866916,89.0,0.0,90.0,20.67,1602.5700000000004,0.6,0.8135926034469284,0.898928772525349,604.851939518791,928.6795904306068,0.4791431365601969,0.4764189320789912,2.88162915091449,,,,,,
90.0,1.0,91.0,0.1517823647966723,0.11703749364211659,0.12998545282087343,0.12999516030010688,0.16226965956045414,0.3183461635711513,0.33,0.33000000000000007,0.33000000000000007,0.33000000000000007,0.33000000000000007,0.33000000000000007,90.0,0.0,91.0,100.94,-999.0,0.0,0.0,0.2,0.0,0.0,0.0,0.0,0.2507651618800272,0.5888226906509834,3.6373009882856424,5.103047483006312,90.0,0.0,91.0,19.895,1622.4650000000004,0.6,0.8135806666472195,0.8992449355483382,618.729115374998,949.6440387490471,0.5017503753994361,0.49858460888826317,3.0848881399702437,,,,,,
91.0,1.0,92.0,0.32229378786953866,0.11703749364211659,0.12998545282087343,0.12999516030010688,0.16226965956045414,0.3183461635711513,0.33,0.33000000000000007,0.33000000000000007,0.33000000000000007,0.33000000000000007,0.33000000000000007,91.0,0.0,92.0,117.99,-999.0,0.0,22.552999999999983,22.552999999999983,0.0,0.0,0.0,0.0,0.529547517451256,0.529547517451256,4.972310175262089,4.972310175262089,91.0,0.0,92.0,19.665,1642.1300000000003,0.6,0.8240170474675363,0.8995236779255552,638.3283254555088,970.6124547296499,0.5239173771586292,0.520803378535415,3.3244354851208295,,,,,,
92.0,1.0,93.0,0.3569531748400427,0.11703749364211659,0.12998545282087343,0.12999516030010688,0.16226965956045414,0.3183461635711513,0.33,0.33000000000000007,0.33000000000000007,0.33000000000000007,0.33000000000000007,0.33000000000000007,92.0,0.0,93.0,121.46000000000001,-999.0,0.0,0.0,7.750041288191577,0.049958711808422825,0.0,0.0,0.0,0.3854920087244262,0.3854920087244262,3.8986105824167487,3.8986105824167487,92.0,0.0,93.0,19.060000000000002,1661.1900000000003,0.6,0.8331684978975323,0.8997694287161505,658.0365538611953,991.5843682268917,0.5455296017776721,0.5424780058594786,3.5697035752126465,,,,,,
93.0,1.0,94.0,0.2908105325226758,0.13507025885492382,0.12998545282087343,0.12999516030010688,0.16226965956045414,0.3183461635711513,0.33,0.33000000000000007,0.33000000000000007,0.33000000000000007,0.33000000000000007,0.33000000000000007,93.0,0.0,94.0,116.65,-999.0,0.0,0.0,1.2,0.0,0.0,0.0,0.0,0.508118222715036,0.508118222715036,5.502869487740933,5.502869487740933,93.0,0.0,94.0,20.634999999999998,1681.8250000000003,0.6,0.8411791321249651,0.899986092761572,677.8358895053088,1012.5593648614075,0.5664845524233133,0.563505494804432,3.8196424831189137,,,,,,
94.0,1.0,95.0,0.2362919910366837,0.13297815141083028,0.12998545282087343,0.12999516030010688,0.16226965956045414,0.3183461635711513,0.33,0.33000000000000007,0.33000000000000007,0.33000000000000007,0.33000000000000007,0.33000000000000007,94.0,0.0,95.0,110.99,-999.0,0.0,0.0,0.0,0.0,0.0,0.0,0.0,0.4518541485992183,0.4518541485992183,5.209210744409354,5.209210744409354,94.0,0.0,95.0,17.825000000000003,1699.6500000000003,0.6,0.8481474206334022,0.900177112731293,697.7102781811503,1033.5370793926259,0.5866933940572716,0.5837963985572895,4.073207476385601,,,,,,
95.0,1.0,96.0,0.28475831086910264,0.13297815141083028,0.12998545282087343,0.12999516030010688,0.16226965956045414,0.3183461635711513,0.33,0.33000000000000007,0.33000000000000007,0.33000000000000007,0.33000000000000007,0.33000000000000007,95.0,0.0,96.0,115.84,-999.0,0.0,0.0,6.5,0.0,0.0,0.0,0.0,0.12519075239506333,0.12519075239506333,1.5281772643630385,1.5281772643630382,95.0,0.0,96.0,14.689999999999998,1714.3400000000004,0.6,0.8542387739150468,0.900345523824888,717.6463576795524,1054.5171898818603,0.6060820024256679,0.6032758893152199,4.329387446429603,,,,,,
96.0,1.0,97.0,0.23564953930397356,0.13297815141083028,0.12998545282087343,0.12999516030010688,0.16226965956045414,0.3183461635711513,0.33,0.33000000000000007,0.33000000000000007,0.33000000000000007,0.33000000000000007,0.33000000000000007,96.0,0.0,97.0,110.92,-999.0,0.0,0.0,0.0,0.0,0.0,0.0,0.0,0.3546167714434174,0.3546167714434174,4.5562603850694865,4.5562603850694865,96.0,0.0,97.0,16.7,1731.0400000000004,0.6,0.8594785741185915,0.9004940019996429,737.6314119066624,1075.49941255094,0.624591446457568,0.6218842627018972,4.587213667393342,,,,,,
97.0,1.0,98.0,0.21315803957434765,0.13297815141083028,0.12998545282087343,0.12999516030010688,0.16226965956045414,0.3183461635711513,0.33,0.33000000000000007,0.33000000000000007,0.33000000000000007,0.33000000000000007,0.33000000000000007,97.0,0.0,98.0,108.68,-999.0,0.0,0.0,1.4,0.0,0.0,0.0,0.0,0.25429910734049493,0.25429910734049493,3.3948508656221,3.3948508656221,97.0,0.0,98.0,14.21,1745.2500000000005,0.6,0.8632839315635331,0.9006249064900059,757.6449697829206,1096.4834972529986,0.6421779405590249,0.639576912212148,4.845722303268265,,,,,,
98.0,1.0,99.0,0.18445383915250996,0.13297815141083028,0.12998545282087343,0.12999516030010688,0.16226965956045414,0.3183461635711513,0.33,0.33000000000000007,0.33000000000000007,0.33000000000000007,0.33000000000000007,0.33000000000000007,98.0,0.0,99.0,105.81,-999.0,0.0,0.0,0.7,0.0,0.0,0.0,0.0,0.24554152783709038,0.24554152783709038,3.32487851434668,3.32487851434668,98.0,0.0,99.0,14.335,1759.5850000000005,0.6,0.8647380649646021,0.9007403172944928,777.6543771018114,1117.4692234821543,0.6588123297438703,0.6561840870998996,5.102844275177932,,,,,,
99.0,1.0,100.0,0.148543798156825,0.13297815141083028,0.12998545282087343,0.12999516030010688,0.16226965956045414,0.3183461635711513,0.33,0.33000000000000007,0.33000000000000007,0.33000000000000007,0.33000000000000007,0.33000000000000007,99.0,0.0,100.0,102.21,-999.0,0.0,0.0,0.0,0.0,0.0,0.0,0.0,0.3804836687329015,0.3804836687329015,3.2105204308355937,5.13822776155664,99.0,0.0,100.0,17.395,1776.9800000000005,0.6,0.864611882648702,0.9008420682256897,790.138838624789,1138.456396857661,0.6744791885853849,0.6714778568531352,5.305607339761986,,,,,,
100.0,1.0,101.0,0.12538527203388283,0.13297815141083028,0.12998545282087343,0.12999516030010688,0.16226965956045414,0.3183461635711513,0.33,0.33000000000000007,0.33000000000000007,0.33000000000000007,0.33000000000000007,0.33000000000000007,100.0,0.0,101.0,99.9,-999.0,0.0,0.0,0.0,0.0,0.0,0.0,0.0,0.09218381074964031,0.31365023422019056,2.223668801544602,4.2111139619392155,100.0,0.0,101.0,20.91,1797.8900000000006,0.6,0.864222238093158,0.9009317760485013,800.6691193396708,1159.444846025889,0.6891756243869348,0.6857659808161777,5.490716439331946,,,,,,
101.0,1.0,102.0,0.3232864370766141,0.13297815141083028,0.12998545282087343,0.12999516030010688,0.16226965956045414,0.3183461635711513,0.33,0.33000000000000007,0.33000000000000007,0.33000000000000007,0.33000000000000007,0.33000000000000007,101.0,0.0,102.0,119.69,-999.0,0.0,25.0,25.0,0.0,0.0,0.0,0.0,0.35201696540183336,0.35201696540183336,4.857866530325045,4.857866530325045,101.0,0.0,102.0,20.365000000000002,1818.2550000000006,0.6,0.8668353436769134,0.9010108661696327,820.6345276573518,1180.4344199302968,0.7029098764942009,0.6996252298949233,5.741366200719866,,,,,,
102.0,1.0,103.0,0.27072377764350075,0.13297815141083028,0.12998545282087343,0.12999516030010688,0.16226965956045414,0.3183461635711513,0.33,0.33000000000000007,0.33000000000000007,0.33000000000000007,0.33000000000000007,0.33000000000000007,102.0,0.0,103.0,114.43,-999.0,0.0,0.0,0.0,0.0,0.0,0.0,0.0,0.3484256530950791,0.3484256530950791,4.907840290216257,4.907840290216257,102.0,0.0,103.0,21.205,1839.4600000000005,0.6,0.8688156426207809,0.9010805952864981,840.6023982611862,1201.4249854055465,0.7156997987097752,0.7125448263348524,5.989668898856773,,,,,,
103.0,1.0,104.0,0.21941846899851525,0.13155054079476505,0.12998545282087343,0.12999516030010688,0.16226965956045414,0.3183461635711513,0.33,0.33000000000000007,0.33000000000000007,0.33000000000000007,0.33000000000000007,0.33000000000000007,103.0,0.0,104.0,109.16,-999.0,0.0,0.0,0.1,0.0,0.0,0.0,0.0,0.23053086449857568,0.3606581532981213,5.142761061606523,5.142761061606523,103.0,0.0,104.0,23.65,1863.1100000000006,0.6,0.8700272179956124,0.9011420713554342,860.5622055801886,1222.4164250571694,0.7275713020704834,0.7245498229329339,6.235201936759007,,,,,,
104.0,1.0,105.0,0.1759602032757562,0.13155054079476505,0.12998545282087343,0.12999516030010688,0.16226965956045414,0.3183461635711513,0.33,0.33000000000000007,0.33000000000000007,0.33000000000000007,0.33000000000000007,0.33000000000000007,104.0,0.0,105.0,104.82000000000001,-999.0,0.0,0.0,0.1,0.0,0.0,0.0,0.0,0.1473512217338612,0.3018175716659902,4.29847535054206,4.29847535054206,104.0,0.0,105.0,22.22,1885.3300000000006,0.6,0.8700272179956124,0.9011420713554342,880.4976385426638,1243.4078647087922,0.7385568226146049,0.7353517808691324,6.474755065534135,,,,,,
105.0,1.0,106.0,0.1458751852869782,0.13155054079476505,0.12998545282087343,0.12999516030010688,0.16226965956045414,0.3183461635711513,0.33,0.33000000000000007,0.33000000000000007,0.33000000000000007,0.33000000000000007,0.33000000000000007,105.0,0.0,106.0,101.81,-999.0,0.0,0.0,0.0,0.0,0.0,0.0,0.0,0.045618642676440384,0.3810472340676626,2.9628831562013684,5.36781123490813,105.0,0.0,106.0,22.57,1907.9000000000005,0.6,0.8691686516794047,0.9002474931217734,891.4704926054097,1263.6961588162874,0.7486938648449858,0.7451064684571235,6.6424043047894905,,,,,,
106.0,1.0,107.0,0.12229569218317365,0.1290537744088689,0.12998545282087343,0.12999516030010688,0.16178690215379782,0.3183461635711513,0.33,0.33000000000000007,0.33000000000000007,0.33000000000000007,0.33000000000000007,0.33000000000000007,106.0,0.0,107.0,99.14999999999999,-999.0,0.0,0.0,0.0,0.0,0.0,0.0,0.0,0.028208780930362304,0.3968525685899141,2.627692908705359,5.528983242778677,106.0,0.0,107.0,23.05,1930.9500000000005,0.6,0.8682931402354105,0.8993351536439853,900.8914106533313,1283.9256371856475,0.7580236577314065,0.7539263038366415,6.79205731392044,,,,,,
107.0,1.0,108.0,0.3232366805023695,0.1290537744088689,0.12998545282087343,0.12999516030010688,0.16178690215379782,0.3183461635711513,0.33,0.33000000000000007,0.33000000000000007,0.33000000000000007,0.33000000000000007,0.33000000000000007,107.0,0.0,108.0,119.24,-999.0,0.0,25.0,25.2,0.0,0.0,0.0,0.0,0.3455244034298099,0.3455244034298099,4.760376764650597,4.760376764650596,107.0,0.0,108.0,22.665,1953.6150000000005,0.6,0.8674003492254506,0.8984047002846133,920.6570144831041,1304.0957475182481,0.7665899472793846,0.7626417726489487,7.021314975270833,,,,,,
108.0,1.0,109.0,0.27521688653594695,0.1290537744088689,0.12998545282087343,0.12999516030010688,0.16178690215379782,0.3183461635711513,0.33,0.33000000000000007,0.33000000000000007,0.33000000000000007,0.33000000000000007,0.33000000000000007,108.0,0.0,109.0,114.44000000000001,-999.0,0.0,0.0,0.0,0.0,0.0,0.0,0.0,0.3283959832213747,0.3283959832213747,4.473583413420883,4.473583413420883,108.0,0.0,109.0,22.125,1975.7400000000005,0.6,0.8664899376106933,0.8974557734048233,940.3649246874077,1324.205928088588,0.7744379385535479,0.7706404578844852,7.246832561396133,,,,,,
109.0,1.0,110.0,0.2206567979478926,0.1290537744088689,0.12998545282087343,0.12999516030010688,0.15037191297300667,0.3183461635711513,0.33,0.33000000000000007,0.33000000000000007,0.33000000000000007,0.33000000000000007,0.33000000000000007,109.0,0.0,110.0,107.85000000000001,-999.0,0.0,0.0,0.0,0.0,0.0,0.0,0.0,0.4560088588054351,0.4560088588054351,6.141498918079116,6.141498918079116,109.0,0.0,110.0,22.59,1998.3300000000004,0.6,0.8655615576213807,0.8964880062253963,960.0145838776567,1344.2556075997122,0.7816133908980443,0.7779674861373802,7.468601324745237,,,,,,
110.0,1.0,111.0,0.16639965019760716,0.1290537744088689,0.12998545282087343,0.12999516030010688,0.14369434165064437,0.3183461635711513,0.33,0.33000000000000007,0.33000000000000007,0.33000000000000007,0.33000000000000007,0.33000000000000007,110.0,0.0,111.0,101.75,-999.0,0.0,0.0,0.0,0.0,0.0,0.0,0.0,0.4257147750285472,0.4257147750285472,5.667757132236231,5.667757132236231,110.0,0.0,111.0,23.259999999999998,2021.5900000000004,0.6,0.8646148546239831,0.8955010246849604,979.6054251933588,1364.2442050370678,0.7881618630107495,0.7841343775995724,7.681422903771589,,,,,,
111.0,1.0,112.0,0.36234054618554234,0.1290537744088689,0.12998545282087343,0.12999516030010688,0.1402795142814919,0.3183461635711513,0.33,0.33000000000000007,0.33000000000000007,0.33000000000000007,0.33000000000000007,0.33000000000000007,111.0,0.0,112.0,121.0,-999.0,0.0,25.0,25.0,0.0,0.0,0.0,0.0,0.40591040120649363,0.40591040120649363,5.341482736915247,5.341482736915247,111.0,0.0,112.0,23.965,2045.5550000000003,0.6,0.863649466985733,0.8944944472954088,999.1368721578796,1384.1711295208077,0.7941280993903284,0.7902565616043287,7.895744691635897,,,,,,
112.0,1.0,113.0,0.28493475715985217,0.15367694703818516,0.12998545282087343,0.12999516030010688,0.1402795142814919,0.3183461635711513,0.33,0.33000000000000007,0.33000000000000007,0.33000000000000007,0.33000000000000007,0.33000000000000007,112.0,0.0,113.0,115.72,-999.0,0.0,0.0,0.0,0.0,0.0,0.0,0.0,0.376877732823005,0.376877732823005,4.901383906814381,4.90138390681438,112.0,0.0,113.0,23.215,2068.7700000000004,0.6,0.8626650259364828,0.8934678849944474,1018.6083385326908,1404.0357801565547,0.7995555462612637,0.795839569513933,8.106488216411591,,,,,,
113.0,1.0,114.0,0.23309910559222435,0.15367694703818516,0.12998545282087343,0.12999516030010688,0.1402795142814919,0.3183461635711513,0.33,0.33000000000000007,0.33000000000000007,0.33000000000000007,0.33000000000000007,0.33000000000000007,113.0,0.0,114.0,110.54,-999.0,0.0,0.0,0.0,0.0,0.0,0.0,0.0,0.37422555040433364,0.37422555040433364,4.809339606358449,4.809339606358449,113.0,0.0,114.0,23.415,2092.1850000000004,0.6,0.8616611554278387,0.892420940995214,1038.0192281701168,1423.8375458846456,0.8044859831106516,0.8009247683155873,8.313753098292755,,,,,,
114.0,1.0,115.0,0.17911253314410425,0.1530557585316483,0.12998545282087343,0.12999516030010688,0.1402795142814919,0.3183461635711513,0.33,0.33000000000000007,0.33000000000000007,0.33000000000000007,0.33000000000000007,0.33000000000000007,114.0,0.0,115.0,105.08,-999.0,0.0,0.0,0.0,0.0,0.0,0.0,0.0,0.3986572448120116,0.3986572448120116,5.062118850653687,5.062118850653687,114.0,0.0,115.0,22.015,2114.2000000000003,0.6,0.8606374719895131,0.8913532106329117,1057.3689348645962,1443.57580532787,0.8089592551458253,0.8052557432656507,8.514524075504,,,,,,
115.0,1.0,116.0,0.1496314659359906,0.1530557585316483,0.12998545282087343,0.12999516030010688,0.1402795142814919,0.3183461635711513,0.33,0.33000000000000007,0.33000000000000007,0.33000000000000007,0.33000000000000007,0.33000000000000007,115.0,0.0,116.0,102.13,-999.0,0.0,0.0,1.3,0.0,0.0,0.0,0.0,0.44405858336889115,0.44405858336889115,3.8040481374424737,5.570577712207976,115.0,0.0,116.0,22.505000000000003,2136.7050000000004,0.6,0.8595935845828422,0.8902642812083997,1070.540302678575,1463.2499266377297,0.8130130920215276,0.808969611304529,8.660345725437198,,,,,,
116.0,1.0,117.0,0.15176379729285633,0.1530557585316483,0.12998545282087343,0.12999516030010688,0.1402795142814919,0.3183461635711513,0.33,0.33000000000000007,0.33000000000000007,0.33000000000000007,0.33000000000000007,0.33000000000000007,116.0,0.0,117.0,102.35,-999.0,0.0,0.0,3.5,0.0,0.0,0.0,0.0,0.36368402842768555,0.36368402842768555,2.9230828358857437,4.506691600656756,116.0,0.0,117.0,23.5,2160.2050000000004,0.6,0.8585290944514116,0.8891537318286746,1083.010131792754,1482.8592673392377,0.8166829988385346,0.8123802206509164,8.798160098329754,,,,,,
117.0,1.0,118.0,0.15186053855940207,0.1530557585316483,0.12998545282087343,0.12999516030010688,0.1402795142814919,0.3183461635711513,0.33,0.33000000000000007,0.33000000000000007,0.33000000000000007,0.33000000000000007,0.33000000000000007,117.0,0.0,118.0,102.36,-999.0,0.0,0.0,1.8,0.0,0.0,0.0,0.0,0.20208764338630994,0.20208764338630994,1.5882382299591191,2.4733927941447225,117.0,0.0,118.0,19.595,2179.8,0.6,0.857443594968736,0.8880211332441886,1095.3148836248922,1502.403174174287,0.8200022064712224,0.8155736135945855,8.933099176618862,,,,,,
118.0,1.0,119.0,0.24957772315634918,0.1530557585316483,0.12998545282087343,0.12999516030010688,0.1402795142814919,0.3183461635711513,0.33,0.33000000000000007,0.33000000000000007,0.33000000000000007,0.33000000000000007,0.33000000000000007,118.0,0.0,119.0,112.13000000000001,-999.0,0.0,0.0,11.5,0.0,0.0,0.0,0.0,0.13206084677014376,0.13206084677014376,1.596220693535144,1.596220693535144,118.0,0.0,119.0,15.98,2195.78,0.6,0.8563366714829301,0.8868660476829345,1114.413590047134,1521.8809829436134,0.8230016695702363,0.8187346295895133,9.1240899785676,,,,,,
119.0,1.0,120.0,0.3023768086909439,0.1530557585316483,0.12998545282087343,0.12999516030010688,0.1402795142814919,0.3183461635711513,0.33,0.33000000000000007,0.33000000000000007,0.33000000000000007,0.33000000000000007,0.33000000000000007,119.0,0.0,120.0,117.41,-999.0,0.0,0.0,6.8,0.0,0.0,0.0,0.0,0.11751582774930527,0.11751582774930527,1.4025756187912268,1.4025756187912268,119.0,0.0,120.0,12.965,2208.7450000000003,0.6,0.8552079011583157,0.8856880286812396,1133.4479263234007,1541.292018347388,0.8257101019784508,0.8216024706538194,9.312436166247544,,,,,,
120.0,1.0,121.0,0.30588521080730563,0.1530557585316483,0.12998545282087343,0.12999516030010688,0.1402795142814919,0.3183461635711513,0.33,0.33000000000000007,0.33000000000000007,0.33000000000000007,0.33000000000000007,0.33000000000000007,120.0,0.0,121.0,117.76,-999.0,0.0,0.0,2.6,0.0,0.0,0.0,0.0,0.17593795031890513,0.17593795031890513,2.073221838044933,2.073221838044933,120.0,0.0,121.0,13.57,2222.3150000000005,0.6,0.8540568528139013,0.8844866209111971,1152.417222697082,1560.63559382447,0.8281540406991531,0.8242035143768348,9.498263249753265,,,,,,
121.0,1.0,122.0,0.27248438283064474,0.1530557585316483,0.12998545282087343,0.12999516030010688,0.1402795142814919,0.3183461635711513,0.33,0.33000000000000007,0.33000000000000007,0.33000000000000007,0.33000000000000007,0.33000000000000007,121.0,0.0,122.0,114.42,-999.0,0.0,0.0,0.0,0.0,0.0,0.0,0.0,0.26439581170390575,0.26439581170390575,3.0756869859621827,3.0756869859621827,121.0,0.0,122.0,16.174999999999997,2238.4900000000007,0.6,0.8528830867586752,0.8832613600046739,1171.320798272978,1579.9110113903605,0.8303579308995601,0.8265620789415814,9.681693541280254,,,,,,
122.0,1.0,123.0,0.23784985904085093,0.1530557585316483,0.12998545282087343,0.12999516030010688,0.1402795142814919,0.3183461635711513,0.33,0.33000000000000007,0.33000000000000007,0.33000000000000007,0.33000000000000007,0.33000000000000007,122.0,0.0,123.0,110.95,-999.0,0.0,0.0,0.0,0.0,0.0,0.0,0.0,0.27746631770529806,0.27746631770529806,3.185986061274083,3.185986061274083,122.0,0.0,123.0,17.405,2255.895000000001,0.6,0.8516861546236464,0.8820117723738222,1190.1579608576308,1599.1175614738943,0.8323442256787291,0.8287005189255661,9.862845197661121,,,,,,
123.0,1.0,124.0,0.19380658114547114,0.1530557585316483,0.12998545282087343,0.12999516030010688,0.1402795142814919,0.3183461635711513,0.33,0.33000000000000007,0.33000000000000007,0.33000000000000007,0.33000000000000007,0.33000000000000007,123.0,0.0,124.0,106.55,-999.0,0.0,0.0,0.0,0.0,0.0,0.0,0.0,0.3571330304863975,0.3571330304863975,4.047194759051581,4.047194759051581,123.0,0.0,124.0,20.189999999999998,2276.085000000001,0.6,0.8504655991905721,0.880737375028029,1208.92800679845,1618.2545227527194,0.85,0.846362857543755,10.231917623986122,,,,,,
124.0,1.0,125.0,0.1576470522602348,0.1530557585316483,0.12998545282087343,0.12999516030010688,0.1402795142814919,0.3183461635711513,0.33,0.33000000000000007,0.33000000000000007,0.33000000000000007,0.33000000000000007,0.33000000000000007,124.0,0.0,125.0,102.92999999999999,-999.0,0.0,0.0,0.0,0.0,0.0,0.0,0.0,0.3738307257664617,0.3738307257664617,3.242122162757179,4.180553028172637,124.0,0.0,125.0,20.16,2296.245000000001,0.6,0.8492209542173035,0.8794376753872297,1223.4320358512389,1637.3211619876056,0.85,0.846362857543755,10.354674338736281,,,,,,
0.0,0.0,0.0,0.0,0.0,0.0,0.0,0.0,0.0,0.0,0.0,0.0,0.0,0.0,0.0,0.0,0.0,0.0,0.0,0.0,0.0,0.0,0.0,0.0,0.0,0.0,0.0,0.0,0.0,0.0,0.0,0.0,0.0,0.0,0.0,0.0,0.0,0.0,0.0,0.0,0.0,0.0,0.0,0.0,,,,,,
0.0,0.0,0.0,0.0,0.0,0.0,0.0,0.0,0.0,0.0,0.0,0.0,0.0,0.0,0.0,0.0,0.0,0.0,0.0,0.0,0.0,0.0,0.0,0.0,0.0,0.0,0.0,0.0,0.0,0.0,0.0,0.0,0.0,0.0,0.0,0.0,0.0,0.0,0.0,0.0,0.0,0.0,0.0,0.0,,,,,,
0.0,0.0,0.0,0.0,0.0,0.0,0.0,0.0,0.0,0.0,0.0,0.0,0.0,0.0,0.0,0.0,0.0,0.0,0.0,0.0,0.0,0.0,0.0,0.0,0.0,0.0,0.0,0.0,0.0,0.0,0.0,0.0,0.0,0.0,0.0,0.0,0.0,0.0,0.0,0.0,0.0,0.0,0.0,0.0,,,,,,
0.0,0.0,0.0,0.0,0.0,0.0,0.0,0.0,0.0,0.0,0.0,0.0,0.0,0.0,0.0,0.0,0.0,0.0,0.0,0.0,0.0,0.0,0.0,0.0,0.0,0.0,0.0,0.0,0.0,0.0,0.0,0.0,0.0,0.0,0.0,0.0,0.0,0.0,0.0,0.0,0.0,0.0,0.0,0.0,,,,,,
0.0,0.0,0.0,0.0,0.0,0.0,0.0,0.0,0.0,0.0,0.0,0.0,0.0,0.0,0.0,0.0,0.0,0.0,0.0,0.0,0.0,0.0,0.0,0.0,0.0,0.0,0.0,0.0,0.0,0.0,0.0,0.0,0.0,0.0,0.0,0.0,0.0,0.0,0.0,0.0,0.0,0.0,0.0,0.0,,,,,,
0.0,0.0,0.0,0.0,0.0,0.0,0.0,0.0,0.0,0.0,0.0,0.0,0.0,0.0,0.0,0.0,0.0,0.0,0.0,0.0,0.0,0.0,0.0,0.0,0.0,0.0,0.0,0.0,0.0,0.0,0.0,0.0,0.0,0.0,0.0,0.0,0.0,0.0,0.0,0.0,0.0,0.0,0.0,0.0,,,,,,
0.0,0.0,0.0,0.0,0.0,0.0,0.0,0.0,0.0,0.0,0.0,0.0,0.0,0.0,0.0,0.0,0.0,0.0,0.0,0.0,0.0,0.0,0.0,0.0,0.0,0.0,0.0,0.0,0.0,0.0,0.0,0.0,0.0,0.0,0.0,0.0,0.0,0.0,0.0,0.0,0.0,0.0,0.0,0.0,,,,,,
0.0,0.0,0.0,0.0,0.0,0.0,0.0,0.0,0.0,0.0,0.0,0.0,0.0,0.0,0.0,0.0,0.0,0.0,0.0,0.0,0.0,0.0,0.0,0.0,0.0,0.0,0.0,0.0,0.0,0.0,0.0,0.0,0.0,0.0,0.0,0.0,0.0,0.0,0.0,0.0,0.0,0.0,0.0,0.0,,,,,,
0.0,0.0,0.0,0.0,0.0,0.0,0.0,0.0,0.0,0.0,0.0,0.0,0.0,0.0,0.0,0.0,0.0,0.0,0.0,0.0,0.0,0.0,0.0,0.0,0.0,0.0,0.0,0.0,0.0,0.0,0.0,0.0,0.0,0.0,0.0,0.0,0.0,0.0,0.0,0.0,0.0,0.0,0.0,0.0,,,,,,
